timestamp,gyroscope.x,gyroscope.y,gyroscope.z,acceleration.x,acceleration.y,acceleration.z,gyroscope_filtered.x,gyroscope_filtered.y,gyroscope_filtered.z,acceleration_filtered.x,acceleration_filtered.y,acceleration_filtered.z
0,0.0,0.0,0.0,0.0,0.0,-9.81,0.0,0.0,0.0,0.0,0.0,-9.81
10000000,0.09123366228851124,-0.050591993161822967,0.20801659518516313,-0.06950066640267616,-0.010635058441062606,-9.88359454957573,0.026819042314984425,-0.00882715223225249,0.0775705636687549,-0.013885879133504678,0.019348413756295528,-9.805382034201468
20000000,-0.0445908875875395,-0.2078740479073669,0.7216140477264057,0.14004792283848963,-0.03685465772331439,-9.983497380909354,-0.013806361850941584,-0.06614357909429718,0.4301908318423788,0.042532761256700684,0.011379068844853518,-9.85242712691804
30000000,-0.0773554329065573,-0.3183298789015793,1.3337712132624933,0.029989299913666237,0.0846849111222859,-10.132408189371974,-0.05085172753020696,-0.18648464800767595,0.9138632273455458,0.020639479413319055,0.06110514152230505,-9.985102113053003
40000000,-0.09365465749065899,-0.5124669723505749,1.7001991654855326,0.029489133234005448,-0.1098108867692492,-10.128931823092978,-0.09207053808228982,-0.3953233783227371,1.4108526698730417,0.057149017363113855,-0.007209616837392695,-10.12308682204003
50000000,-0.14635018785248877,-0.651552780801258,2.2823896908848935,0.040322277092129315,0.011718080872694131,-10.22003918133445,-0.08049573468625945,-0.581304368219903,1.9118569701104826,0.030540397356653422,-0.016802320721837044,-10.189448456313258
60000000,0.011023169264750391,-0.772376310573918,2.718867747198745,0.16763981646530884,0.013039600167940472,-10.232290732288819,-0.036517586880291615,-0.7213441252030702,2.392062006593484,0.08886890144749555,-0.008644395276425278,-10.202398827329377
70000000,-0.03679099426928191,-0.9810126248848883,3.120929765531351,0.07570437889077451,-0.032665685298902895,-10.194749283681077,-0.004380221670384623,-0.8699750238637372,2.806454596121111,0.06982918355864354,-0.009860555591913811,-10.247935278088583
80000000,0.06868822200208886,-1.1594481641920154,3.339453445751662,-0.03416063000738351,0.0044326737399507975,-10.315612475131523,0.007370972259945999,-1.0463157705365995,3.190670975991492,-0.0018773896660973476,-0.024485806279610074,-10.248565970179552
90000000,0.011989820655323585,-1.2916484640572372,3.743085377384586,0.018103096756299467,0.033984664427483775,-10.211193170818706,0.03037325035626735,-1.1794527047352996,3.471944840026013,-0.054589093317119364,0.017191175196919272,-10.227400077053248
99999999,0.07998698021598878,-1.4399040878036709,3.979395276017773,-0.05524849516146332,0.0285989239875811,-10.133914096052104,0.0294640331061876,-1.3421512595002394,3.7697861209133166,-0.000352150225202624,-0.019745340637298273,-10.189096476569672
109999999,0.07030332794681488,-1.4539954677182338,4.279946903075198,0.052605536358616076,-0.08622152831108426,-10.191922587142079,0.03298238242736019,-1.436407765886277,4.098556671470077,0.0034597289108649256,-0.0515853494574747,-10.188693306067433
119999999,0.15807246902723313,-1.5865372215793874,4.589187910707074,0.008402845391329048,0.04881172432245182,-10.077025744159409,0.08820935434475204,-1.5231612116974391,4.376660023793976,0.011446736977622397,0.016372552621636286,-10.153101902637983
129999999,0.2938501324464224,-1.6765310740913253,4.797675006711953,0.0304153971327608,-0.03816600190609319,-10.056850224515129,0.18206536294414988,-1.6152932784372511,4.651952829724063,0.008356740321179489,0.01945497381347117,-10.098153211087523
140000000,0.2799599300159346,-1.7076669644466749,4.97784613182528,0.09837034677415218,0.12418578879366872,-10.035627979408066,0.24834659666263792,-1.6678211115267116,4.820777164647805,-0.030795722313334,0.05030666799328053,-10.084204631891257
150000000,0.5097108965552704,-1.7479406196098837,5.088779733559195,0.12106132589344587,0.077088091770996,-10.06574063183554,0.3633798642232028,-1.7298627420599153,4.970345162179918,0.01713112956723147,0.06986297820841648,-10.081852971075776
160000000,0.48339474275065136,-1.7559999864997915,5.198580512945008,0.08113482761048268,0.05395731951965955,-10.040734914013422,0.4650854739840499,-1.757882495435661,5.093672021424746,0.07589702824138694,0.02791238229132009,-10.077854779505952
170000000,0.602593667675271,-1.7678101475726822,5.349533609071444,0.01247824765677685,0.08344804504942725,-10.22151589046395,0.567292268922402,-1.7956065413771196,5.221179796298941,0.04606579846524724,0.006833518385423311,-10.096193652646637
180000000,0.7572662226833885,-1.7392410167038828,5.5172792310532985,0.09652860755924457,0.009121247965927424,-10.159825319182954,0.6537237346055041,-1.7731954844699513,5.378197668060338,0.00790355407524564,0.002020594122410255,-10.130733761036781
190000000,0.8561967745047516,-1.6498429661616991,5.556239959083693,-0.058944492484888034,-0.033550188439201295,-10.160144514837006,0.7652666769305647,-1.7294298744601169,5.450706091584955,0.008163746744827777,-0.0039006223877072086,-10.151481956873091
200000000,0.8824347477793434,-1.7859131644218567,5.559939957567607,-0.04927859883666452,-0.042328788966604816,-10.193376119947672,0.8445293655092762,-1.7507538666318947,5.5161303122751715,-0.012774789595845512,-0.031267131985338766,-10.145484586020904
210000000,0.9592509854013076,-1.6927937481355857,5.732370033840308,-0.10770589191340466,0.010244945276133784,-10.046716365277277,0.9405226793290269,-1.7325802352429018,5.627139998010149,-0.03271998110335911,-0.02040991775634685,-10.114140972329581
220000000,1.1952672439746663,-1.6752671315157266,5.606827534253612,-0.1455724688281292,-0.045755132705095854,-10.069781881692606,1.0600698722780775,-1.658863149678537,5.643828575430462,-0.08570846011914227,-0.020513617224041516,-10.086980663658455
230000000,1.1753888208176997,-1.5645434448881148,5.6734771376357,-0.017237040775893237,0.12166354753313757,-10.21558328990075,1.1518423303021457,-1.6029463040227478,5.683550547432142,-0.08899722523220928,0.03476245272085973,-10.167528562524005
240000000,1.3925582435050354,-1.469068516000326,5.635800971578844,0.010651026048488263,0.05152040721186298,-10.13652007050697,1.2805229609596012,-1.5548666114707022,5.661279945304211,-0.017517296161942662,0.037711556251850124,-10.117764436662265
250000000,1.5247821938310535,-1.3732954830123998,5.516147352830637,0.04896436493692578,-0.0033965434254942563,-10.064917485880912,1.4032533795903144,-1.4528142583215247,5.618394741492471,0.011407964918049594,0.029999681735569484,-10.13216826063586
260000000,1.5741151926374568,-1.2573747808765074,5.566039251901165,0.050445041885422814,-0.07072125993549566,-10.234666225341881,1.4920927428379185,-1.3329306564260923,5.5753996763774065,0.004532295742162405,0.0023277652439729415,-10.142280031568841
270000000,1.671454479635226,-1.1653974675645902,5.328627815167044,0.046845411299799196,-0.017895409030193293,-10.071731283743192,1.5863942466739411,-1.2189849079454695,5.4738574117271455,-0.010827239610474205,-0.0031177569846958,-10.117538055489
280000000,1.7423637408890618,-1.0343761085821777,5.155328281748712,-0.005720448982961118,0.12870004856577294,-10.128561474352919,1.6689165552839307,-1.1151536245321223,5.3081914853061125,-0.034972178080244734,0.029821833056626886,-10.14951408595689
290000000,1.7270126091320859,-1.0549721103931033,5.01543317350454,-0.022423273597996007,0.012613917855598192,-10.153440160725589,1.7148395055623324,-1.0799487621512167,5.1452355814983965,0.010422129209302702,-0.009541490377890274,-10.11063767444678
300000000,1.7373137358782558,-0.8619406203182386,4.86072528546894,0.019670108548835052,0.06132649454869828,-10.064757263682374,1.765600688815885,-0.961025880532227,4.970825697964374,-0.006103080505591475,0.019899346292599096,-10.095766457563185
310000000,1.7457866354180402,-0.832236396456827,4.50492852177228,0.024143734289756483,-0.024290618572224906,-10.13415065955198,1.7597300491976715,-0.8322020274135433,4.741246079911065,-0.003071924458671547,0.02648630177905106,-10.092959457226055
320000000,1.9728195711405534,-0.5844214701596424,4.293450587064115,0.10621773590924888,-0.048875975156365256,-10.147585018002047,1.8522772127333045,-0.7014978469512685,4.514659108724733,0.022488395350558125,-0.009950395528124252,-10.113708519800918
330000000,1.9664622557918217,-0.5483291674922369,4.023812747786745,0.01038332301486418,0.05267901460426937,-10.209340608540993,1.9133297666086557,-0.6050441213594259,4.238853381808687,0.022446067562869376,-0.010619299564293786,-10.161794673247789
340000000,2.040666837270827,-0.5384270513737814,3.7433546318724344,0.034925986606182874,0.00713529502042036,-10.139621402891311,1.9617670991057632,-0.5431625936506501,3.9676328567884642,0.031088888453078955,0.008182452041761464,-10.164473448567643
350000000,1.8937951429956121,-0.3495236868001116,3.506731531577043,-0.12359049057880642,-0.16045828150723038,-10.184036832595066,1.9343781869817471,-0.4349334234181557,3.7163153840194014,-0.003942636323972067,-0.0478218907069844,-10.18753708165152
360000000,1.8762319537983736,-0.19834282582880527,3.3982896821165123,-0.029137038056839405,0.09180129492125988,-10.121075627294896,1.9097466773107912,-0.2854202244857911,3.4913496508901964,-0.028616609178373227,0.02490245310810069,-10.153892649763575
370000000,1.859757951633074,-0.06574247049024816,2.9386126171778755,0.09584247305545752,0.07973709625634792,-10.153413353742625,1.8756682103444984,-0.1532892117737071,3.2567415123780616,0.026399481640061978,0.045625885704300324,-10.159342733541871
380000000,1.871764075272212,-0.011284807541321232,2.735258068141193,0.23207316250437976,0.08293448196715292,-10.246426997822113,1.8318180261376678,-0.06959433904623306,2.956476931947799,0.039939643568281016,0.026205835393789866,-10.192202842948138
390000000,1.8040755263860977,-0.04221940368638065,2.47658553955856,-0.09231241516807637,-0.05354422201905081,-10.276492894206026,1.8412581422140966,-0.009688073454932083,2.692970676226431,0.012573710764514797,0.0018894262070246384,-10.21202549052619
400000000,1.743078608325251,-0.013920947546115711,2.2631431163203493,-0.18440136011249708,0.08958578090106145,-10.1844157596308,1.8225892075376808,0.009287437704165444,2.4525741050167142,-0.029104642899637413,0.0016641934630921007,-10.22389821255249
410000000,1.6639574957768366,0.1273144086875238,1.979915038864748,-0.10488336913666575,-0.0011055308794207241,-10.338820978247202,1.7507629084809404,0.0744869748164343,2.1845401539613665,-0.08098169443736594,0.013672829812621214,-10.243146010603821
420000000,1.6549305272976929,0.19257276281792024,1.8008105812371393,-0.008294513240016364,-0.006839599146693846,-10.264242130930192,1.6830588675536937,0.1314901723297581,1.9651721541688443,-0.06463456155423881,0.016268239427748535,-10.240452916492188
430000000,1.68403366352579,0.1209209730459302,1.3822812798621877,-0.01485600456347818,0.2709026295784941,-10.103582044963442,1.678491573484087,0.12913683863758588,1.671357736445973,-0.02635175551400002,0.06009999359581453,-10.240193426001165
440000000,1.543635752175689,0.33714817475256903,1.2522510869663652,-0.13804051013159624,0.24354011349614896,-10.187267145485654,1.6197620192700168,0.22380378216570865,1.409722271410731,-0.05923618925627682,0.08901223465065396,-10.227082900022534
450000000,1.4066748500711244,0.3101208705910272,1.0364721712653084,-0.05608422730835456,0.10916162001054672,-10.27811469255103,1.541684745555147,0.25228661310927003,1.1667197496732977,-0.04270782361320298,0.11046373824774194,-10.227924060808233
460000000,1.2827777711390662,0.30055762430849864,0.8200586237209659,-0.2719670249252458,0.15570225124059028,-10.22537891429698,1.4298624301299845,0.3042815936767851,0.9491917127801188,-0.12086222185364678,0.1510991676470378,-10.234855081432483
470000000,1.2555492549936613,0.277363930389966,0.5519477338040243,-0.04160327332035839,-0.05323443612486147,-10.259980254481729,1.3324658017815265,0.29746970552004853,0.7540231847188339,-0.12225575074667804,0.05354937487753942,-10.241628805681817
480000000,1.231650451131517,0.2940403774881748,0.31333817049454854,-0.05737729484968291,0.10995140983744368,-10.217711976053428,1.2849355637078532,0.30150309078279985,0.5110862811684758,-0.04946399616237784,0.04831484221434325,-10.205658293148897
490000000,1.1580904512661638,0.2560586588354644,0.1580130309601811,0.019636346599990112,-0.00560908175293208,-10.310866552444878,1.2322814850036186,0.2693663538082559,0.2715836827651541,-0.03935313098507237,0.017180789919923525,-10.20715208303653
500000000,0.967083095553781,0.22787802097365512,-0.03340262306789411,-0.03082291143429476,0.02144210184073514,-10.265866899327452,1.1148617332694672,0.25671555432052195,0.09014073190759077,-0.03138904704763879,0.029160271750557895,-10.249195828271207
510000000,0.8988758422211771,0.21579326553008524,-0.1878861555777306,-0.0037792701234212883,0.0038978625677165285,-10.34251546216276,1.00406506458723,0.24431702774728548,-0.08401763086005337,-0.03385467277033802,0.06297665141209102,-10.31238812446481
520000000,0.8548846797835583,0.235422631003474,-0.348206400704611,0.05133830688927502,0.08861961677411578,-10.173697552521936,0.9169704273592024,0.24111195529090176,-0.2045409192899253,-0.007033430327389857,0.03454557472587769,-10.25629172087097
530000000,0.6520520050547267,0.12957094581373765,-0.42210936236570473,-0.1908122853866995,0.09407097855972657,-10.232924718484913,0.7986180278298801,0.2132684380246564,-0.3576613992575688,-0.08994430754857419,0.027410195398436702,-10.261422098155542
540000000,0.5905844249059162,0.23740000104529974,-0.6879701283184025,-0.2287547095165168,0.12750720603235122,-10.279431194096858,0.6978581390011588,0.1859985974320044,-0.5229350374842194,-0.11380608434972017,0.08405059223861966,-10.264950173005689
550000000,0.48628364429031734,0.12392799144236773,-0.670385657813263,-0.09105578463061645,-0.024235098950104214,-10.302515060129714,0.5643923826465498,0.16209294486347076,-0.6517420350917266,-0.1307383823551119,0.056255140238858053,-10.274767744954834
560000000,0.4070649947600051,0.17813824092562175,-0.7814927945070573,-0.02045740571437321,-0.03315633701976619,-10.054323555233236,0.47700003337730734,0.1438309967536859,-0.7462220277411166,-0.08142952622273593,-0.009991190071818042,-10.187412123784796
570000000,0.3169159822243828,0.17306827179038642,-0.979584485673342,-0.0948023743336331,0.009926268707267039,-10.292955910193925,0.3784146487524615,0.12559728464665562,-0.8401467022561262,-0.07208319718550063,5.82215993156672e-05,-10.2164694277397
580000000,0.1538210065854655,0.07268142284437334,-0.9523716813054942,-0.15249561490672803,-0.04044303322119305,-10.172064190150614,0.22907038447387618,0.07766847470844372,-0.9453439489693956,-0.1455232146967524,-0.03387280370382209,-10.199850365026627
590000000,0.009437374511004966,0.05958716889996857,-1.024607402502456,-0.1331507025992024,-0.04973068596515211,-10.24496415284543,0.1298019466914901,0.06342924359163957,-1.003656435463148,-0.10626957441670229,-0.040537753820769566,-10.21914451653133
600000000,-0.04608399328061995,-0.03782577217675423,-1.104372882984916,-0.1342838717875125,0.10138954610138151,-10.355377381332378,0.04595759500906603,0.008976647577002218,-1.0495368496365627,-0.11291381068143783,0.0030071728835541454,-10.266054811793106
610000000,-0.18891613070566568,-0.055929168852050515,-1.0555853146474532,-0.13010953355670637,0.04841881694318262,-10.264301204126284,-0.09502513068340021,-0.007688686369123853,-1.0739714369800828,-0.13969376723991817,0.04887345689526592,-10.284670175534096
620000000,-0.332325143792885,-0.06617581119605878,-1.089689960982596,-0.23026103186083058,0.05702859660656713,-10.191765652802472,-0.25257686512279975,-0.035954242444452826,-1.0928226416123539,-0.16518821973973863,0.07121906959306443,-10.202845610871378
630000000,-0.41387476700406256,-0.07430224649485588,-1.1253079956220513,-0.17456930595963133,0.06265293203118301,-10.158172323466967,-0.3279207773857525,-0.02332199792255457,-1.1207627652015275,-0.15744379017672264,0.09224350551585977,-10.191260967550715
640000000,-0.5539416031245579,-0.2213825666308354,-1.1159047763767769,-0.12740190675789936,0.09986700846356614,-10.198363352485707,-0.4502828753706236,-0.10677760894740501,-1.147250800510659,-0.15326929065879935,0.08407414978106659,-10.176542391018636
650000000,-0.6550552769791236,-0.10419858271465055,-1.0590622293306549,-0.2834033550116867,0.10619272089146287,-10.152377535244332,-0.5398839632398615,-0.09539523455171742,-1.1268979760383708,-0.21723876641504392,0.07625400557175771,-10.183871513220119
660000000,-0.6609687452256375,-0.031070146297068682,-1.0333239665314184,-0.23543112080509765,0.0009398657098724297,-10.203309027397532,-0.6130058592249564,-0.06858498887904718,-1.1012791136577496,-0.24597474353412924,0.055431476417043296,-10.193037783654916
670000000,-0.6544516990531938,-0.07047438041272662,-1.1284239923045745,-0.16713754641833178,-0.13029231044016354,-10.213039158180115,-0.6445704889207404,-0.0934716881823679,-1.0790136156801062,-0.24994061217594885,-0.002440789336492777,-10.200551616144523
680000000,-0.8234941406904452,-0.10295168727834679,-1.117830624749009,-0.25774733068265787,0.07668611095640869,-10.331068886433963,-0.7154287884682472,-0.07883826468762971,-1.0946912865200198,-0.23092518762876418,0.025082810527371338,-10.22648273016999
690000000,-0.8830057681614049,-0.0494706031632669,-0.9367195629452002,-0.3016201936567666,0.09271016589676266,-10.221293124662134,-0.8135002087832149,-0.08923043324558133,-1.012885065317235,-0.21681004744404608,0.01647522979755768,-10.228050235029109
700000000,-1.0655425230342428,-0.10384508258615374,-0.8789637181827327,-0.1979221996949187,-0.0401538986041995,-10.178182945136733,-0.9228979594371122,-0.08180849615986732,-0.9181092840482966,-0.2548781344565145,0.008179830766342338,-10.194093126796723
710000000,-1.0212176374055881,-0.13759905682513446,-0.8895359135719083,-0.263152854072192,0.06669644996620057,-10.205012948352605,-0.9522773195803618,-0.08048767432443812,-0.8973676188078015,-0.25057893446970336,-0.0020135356799257775,-10.209593976519415
720000000,-0.9807552442146434,-0.10273756716752733,-0.8846931900071666,-0.2096324272459311,-0.04225461806878325,-10.179668034771206,-1.0120683764125218,-0.09828529382872855,-0.8898962117726159,-0.22665199196039051,-0.008827829692666878,-10.22793358335481
730000000,-1.120793281417725,-0.12235814020755431,-0.7647861913277513,-0.2847100041866876,-0.10071790140673242,-10.194419680842918,-1.056584449882651,-0.09720346788754755,-0.8597575549551428,-0.2542612192551603,-0.01652019361089133,-10.226578624056387
740000000,-1.1281994295492304,-0.1028323992103814,-0.7599586531669196,-0.143405724149613,0.0013709075052295017,-10.253209504564127,-1.1130630521764187,-0.12523693215704218,-0.7751139215090193,-0.2392917498673616,-0.02275662058753299,-10.237940775311452
750000000,-1.1540641436715935,0.005743868270138813,-0.675493273901873,-0.24872264693936047,-0.04474653342757162,-10.120262870133136,-1.1542245664843127,-0.10860348442979288,-0.7144065536171738,-0.20653082354336388,-0.05051700350056697,-10.140532760893853
760000000,-1.2419533349931609,-0.05523707008318991,-0.6210176446523424,-0.18579499519254827,-0.11425728198745116,-10.226798971792066,-1.177473049498413,-0.0789959913755596,-0.6616363672993247,-0.24984368001403456,-0.055236678346181144,-10.126103915275147
770000000,-1.0911205494464014,-0.20255606745572993,-0.533147237056733,-0.2987207704571011,0.12290985430369489,-10.226571199625877,-1.151109891946943,-0.11366306321336145,-0.5905213220670728,-0.3087241215780707,0.021582407487597193,-10.157579837727353
780000000,-1.305195889035777,-0.10340575110250681,-0.49758810392715763,-0.262461589302261,-0.006088594015001957,-10.273187352488286,-1.2144538732293721,-0.1426086382465247,-0.5233075675501565,-0.30423903986318956,-0.023567709033747736,-10.209893500890866
790000000,-1.210329012983396,-0.10215620368676874,-0.40948250047825013,-0.2866924203500057,-0.026999020716455248,-10.03934987573771,-1.243086592854323,-0.1369657026221045,-0.45208244909589257,-0.2796657100763233,-0.0335239471734371,-10.16808379611306
800000000,-1.1438875593430706,-0.01579819175875917,-0.2876321486253161,-0.34154702951366334,-0.03440362538961035,-10.09646851339174,-1.2118241912551722,-0.09387579604448155,-0.3932545564212965,-0.33321399468871615,-0.08969589476135305,-10.122644241397156
810000000,-1.238969024390114,-0.15264150058573608,-0.29442251220529403,-0.32549677346347955,-0.14309856738935367,-10.279262938903697,-1.2032479860899596,-0.06466487828736461,-0.3262260060112169,-0.3461751015133689,-0.10235721534092965,-10.18709683843172
820000000,-1.2243708254222232,0.008839516298798075,-0.13233738424339533,-0.26228105690319137,-0.13451298135588052,-10.166980683448417,-1.2016604611385389,-0.060852069775785285,-0.23954043259650645,-0.290525441127179,-0.09619902471830166,-10.235334582180812
830000000,-1.160200174399314,-0.18488320084195337,-0.10021545260134303,-0.26514644705099993,-0.1465309435331399,-10.24419077967162,-1.176627878305172,-0.08792612324914548,-0.17505345027878857,-0.2514224660221957,-0.12398569971292779,-10.191081725723253
840000000,-1.146558931003546,-0.04204465392237653,-0.13296143503664523,-0.32409650546026075,-0.10534424880531892,-10.1172816161987,-1.1445330892635766,-0.07412321239383625,-0.16171250038837837,-0.29983401744753535,-0.09525735336891364,-10.182215568508171
850000000,-1.1346169765171035,-0.05583042190239862,-0.057599505937690386,-0.3571888468136115,0.09560789813287308,-10.198287622573208,-1.160812191402662,-0.07486858404262632,-0.09893664832795333,-0.30369090059546344,-0.06180907788607306,-10.17605609503885
860000000,-1.0802484610764247,-0.16242361057284188,-0.011380044036635213,-0.3183614869886317,-0.043492561176773546,-10.112445565617728,-1.1603965658607982,-0.10497753512523916,-0.036983506091620155,-0.35974421076318475,-0.005596457265029111,-10.15046679827261
870000000,-1.0672704189060445,-0.07549641355627713,0.008120456884367452,-0.34523587339945205,-0.13162007001456316,-10.194438788720674,-1.1048544255262338,-0.08828243702363509,-0.0007712567252166225,-0.36820759020094407,-0.09669814706985744,-10.20759020796043
880000000,-1.055898858276087,-0.051014590220406636,0.14242022583630215,-0.3126381062232838,-0.058392160437423644,-10.174919465001343,-1.0617863661683995,-0.057308995618272365,0.07712124972785642,-0.3825795925834339,-0.10152498733884435,-10.192029320696356
890000000,-0.9304851576123054,-0.10811601399807039,0.14491556332292221,-0.4395513425478982,-0.12411211161989257,-10.142220698542216,-0.9731840921497108,-0.05870442248692899,0.11107101992467927,-0.3730705904714047,-0.08717657073242734,-10.17027475006457
900000000,-0.8964676889571207,-0.09007386043265178,0.1315588706200764,-0.32524937946702687,-0.028470444201823215,-10.119907115887317,-0.9128688564689773,-0.06903661506338327,0.14524427397419387,-0.40260056810811673,-0.012102247419182095,-10.15272420702069
910000000,-0.885635741561865,-0.0542986958064226,0.1483000601122879,-0.48482114130789006,-0.16478933007048924,-10.21907476160131,-0.8877188073681761,-0.06378803243842843,0.17465969909928936,-0.4495050589863241,-0.08848044705348436,-10.171338720082709
920000000,-0.8258327953545658,-0.013959740990190789,0.30138645168674544,-0.4177932911504697,-0.2674517755330057,-10.214549040139058,-0.8366625176154486,-0.021376568439658114,0.20275893103154596,-0.4730423317992086,-0.13692374009535574,-10.163868289062984
930000000,-0.7432760557459486,-0.01264167743578814,0.20253494138018216,-0.2707073299416306,-0.067359428217865,-10.090787036880076,-0.7597398534135974,-0.0008474361491298799,0.2054349474997332,-0.40123111434222186,-0.1299971951189201,-10.148267996099863
940000000,-0.6529230828231302,0.11100520529650407,0.3462161916698651,-0.35685367360201153,-0.17176715883814675,-10.10025746321717,-0.7143369364791272,0.04543247533909976,0.26854448564409344,-0.3774874101343839,-0.1027834155725349,-10.139742062790763
950000000,-0.48228931424492644,0.0869866658220613,0.20183610318335493,-0.4202493411094003,-0.13797149469013278,-10.078524082759795,-0.6222280603783474,0.0657390215806877,0.2593208418708992,-0.4223926651571687,-0.10655611068943999,-10.082731303155914
960000000,-0.4813679313323902,-0.04808130431355531,0.29451270149814024,-0.42707866565941904,-0.10657710882902954,-10.09468874827246,-0.5375850439898849,0.028005636781793103,0.24249075435865952,-0.42150638553481334,-0.07864349132953367,-10.078697985208066
970000000,-0.4796075175644116,0.10681807555996005,0.3624015247987203,-0.4693501807755154,-0.02324949556094357,-10.190443951860692,-0.5063661875721136,0.04321982433836918,0.27638530912216946,-0.4465788201072314,-0.05938464454822632,-10.11014191617867
980000000,-0.42367427918351586,0.08150938277128637,0.3493797386415033,-0.4136994914965315,-0.02112683541001803,-10.048118546431882,-0.47626545586343616,0.08204368335553924,0.3604783426789104,-0.4428014635842076,-0.051651766221938775,-10.048748793641277
990000000,-0.36657936680122327,0.15927924254535883,0.4195973971051735,-0.5142853917170842,-0.12428884830272859,-10.02291635869066,-0.4437553986840204,0.1298350684690761,0.3829405817932844,-0.45528921045729154,-0.1112787047984076,-10.027205321296476
1000000000,-0.351561415724464,0.35825905118451257,0.3607976874620865,-0.39775599019299385,0.012437965885052013,-9.980482947916613,-0.38568128692801973,0.2428787848261209,0.38176068531359897,-0.4434424980288019,-0.09609271277275272,-10.012740445354876
1010000000,-0.243467102446611,0.2442036707326973,0.3970567909315987,-0.48323304385725874,-0.04647967721285727,-9.989290932344138,-0.3237448941478493,0.2566411961219224,0.3982829472456216,-0.46543281525290214,-0.10023082726216656,-9.975941965917283
1020000000,-0.1665657625399925,0.31500674091708125,0.3899977503214364,-0.5338396496336208,-0.05178860854867443,-9.914863373762882,-0.2305786597892049,0.3061842203970984,0.3861823388540727,-0.5097060512485682,-0.10397625471749208,-9.928209578037876
1030000000,-0.14623150633125942,0.4241707374692232,0.4318745376473258,-0.4314038088832821,-0.06846794666741651,-10.071654126836805,-0.14892695014657778,0.37626032095965795,0.39060574736428794,-0.47817847265565244,-0.0870651244813719,-9.948854379120982
1040000000,-0.062333158584049364,0.4435445174603333,0.3680378877037766,-0.5285088430937578,-0.01068053476497708,-9.934560059615732,-0.10416690296570255,0.4265161730670445,0.37665708010220267,-0.49632934471505286,-0.029247296510464503,-9.90937940983428
1050000000,-0.0663784772523003,0.5085235923259733,0.3043220500023797,-0.4800512245324482,-0.07281048153291603,-9.910617472806736,-0.07567718113210115,0.44727726883757324,0.35174866463656523,-0.5156469385427369,-0.04342820910341173,-9.942707492777442
1060000000,0.06435397271889656,0.5147119660454142,0.3853984129144454,-0.5768442984809868,-0.0959272595392745,-10.002972889669051,-0.0037189150134708457,0.5020159933140963,0.3550468966831231,-0.5657266166935306,-0.05096046833201853,-9.952618981264102
1070000000,0.1824044648340139,0.5624731110712454,0.22965512280501701,-0.5189272178290862,-0.03660739552635421,-9.981964517107466,0.07585601945845363,0.5144290395082518,0.3064872295220338,-0.5908785823100106,-0.05110233966329162,-9.934756984856762
1080000000,0.12399639614292782,0.604757510470166,0.34283434020665227,-0.5976770745347493,-0.015560749883703477,-9.865101559669615,0.1261956967454602,0.5437740810286387,0.32110991213710316,-0.5821690525755517,-0.053037925856876444,-9.931366515864884
1090000000,0.149870020760953,0.5872931370080311,0.33632282565094507,-0.6138943740958623,-0.180171541153442,-9.939175592245059,0.14976116559915603,0.5853056855752139,0.34538980254531104,-0.5953595856862701,-0.04396750392623043,-9.923807718946648
1100000000,0.15922920648530225,0.6918834923180963,0.28283940945800684,-0.67544267531966,-0.02449360655057776,-9.880300171204414,0.1707102305727138,0.5923006402564845,0.29143524337667537,-0.5743485549572334,-0.0697200920411461,-9.940567100676343
1110000000,0.28269829915407363,0.757952897523831,0.23133045405319475,-0.5755115391724579,0.07418407076742389,-10.018118703846845,0.22624949175091555,0.6532935575266189,0.2583833151355741,-0.5622220814291061,-0.009452992904372733,-9.98054825975985
1120000000,0.3485922758371944,0.6223542844515666,0.17850185744529623,-0.4662730308853471,-0.09959757932403107,-9.985353515782547,0.28967771518302465,0.6596468862329197,0.23730864876168026,-0.5728549700394601,-0.04443080468636311,-9.941328938589635
1130000000,0.3487505269130215,0.8308043651001199,0.3063954756927302,-0.6032836906483315,0.08932477729707046,-9.98051167640599,0.3153984603244218,0.6911323086735772,0.24071158838430523,-0.5636756798201235,-0.0139825645906177,-9.945910005300917
1140000000,0.37985546524013475,0.7035594601947864,0.2201468212339396,-0.7173988206502951,-0.08912294394902298,-10.044992221264527,0.3369363386888464,0.7187983088582429,0.22701315541057393,-0.6204322059138787,-0.0008281726443691798,-9.956540457547533
1150000000,0.38859269950875447,0.7051348790677546,0.197345094885925,-0.6429188033429087,-0.13064625973549496,-10.037690658607472,0.3825622198451222,0.6990583775816349,0.2237588120168733,-0.6449881298137855,-0.014172136611774584,-9.98207669196463
1160000000,0.47391742571729567,0.6880918279057142,0.19006081127753374,-0.660940880520042,0.24077365594283362,-9.879573627271046,0.4377501346869039,0.6744669472717936,0.22643049467943552,-0.6436573653659813,0.08123363752379018,-9.934648640491305
1170000000,0.3778773447981006,0.8073506891689347,0.19214108804579844,-0.7257042737191285,0.03518077590397391,-9.90349369777368,0.46121809602900515,0.7277955255969527,0.21816398610043208,-0.6856989272030669,0.06715420030932695,-9.937876907051066
1180000000,0.5086571328876592,0.7243642226721374,0.056263789992737276,-0.6428520496981438,-0.05402008428271523,-10.028800518319116,0.4730215761864592,0.7209553548922671,0.16068201466135398,-0.6617727134803223,0.0007854069745465708,-9.901776425574932
1190000000,0.49969258793183013,0.640461691899966,0.13852059034087003,-0.7383900558256071,0.06147704190810384,-9.967513166428372,0.49310845392200675,0.7204588276223787,0.1452517492116089,-0.6975885745947755,-0.019029408192666415,-9.94601747051049
1200000000,0.4470495388515589,0.7564470000469214,0.08022536416560472,-0.6484873668027241,0.08765388901834212,-9.905869822014399,0.4905082935462698,0.7058523105909204,0.1274253717353473,-0.6901918553716203,0.06975984838056004,-9.892877165769786
1210000000,0.5006490239653117,0.7443566022849073,0.05116984094319315,-0.7039098524262203,0.017526730932885398,-9.83729407142872,0.5111359579732513,0.7361616417593374,0.10325223084365544,-0.710188687523484,0.04125353016491627,-9.88509445250828
1220000000,0.5474051988093492,0.7394559424936574,0.112449219358384,-0.7554600694114371,-0.02931505122194121,-9.837419627876498,0.561892122012615,0.7350402670826511,0.11778398338796336,-0.7125821625543738,0.01762687714055154,-9.862107358164549
1230000000,0.5039033379648781,0.8038306323057663,0.11395271567795436,-0.7137534805439331,-0.00500240465826929,-9.946634152151264,0.5667943719488916,0.7770747069114307,0.10118555617595694,-0.7136572292641253,0.04814049715444575,-9.91313013813414
1240000000,0.6366496662612605,0.7039716640854916,0.13182388636133746,-0.8083267385008919,0.0994640795980844,-9.98915273737015,0.6077193848122358,0.7719887032895844,0.10874596018118714,-0.7355592402555147,0.04651302514148107,-9.9586397631009
1250000000,0.5202734368396533,0.6968657208771836,0.02140585434338273,-0.7006291817139018,-0.05120158674187081,-9.888639135780862,0.5764593028699443,0.7629568721410646,0.07512988288044502,-0.6996412095164697,-0.0044217461394691175,-9.897219223230378
1260000000,0.6874045626650396,0.7868099672801196,0.029755334626046476,-0.6323518047166393,-0.03313319891115533,-9.889027892497648,0.6072856203620883,0.7572718413376135,0.0336116437981026,-0.6700238707235278,-0.010673374278170715,-9.914596423168598
1270000000,0.5962492134734311,0.6824211359086507,-0.014070548103652936,-0.6780440876955622,0.03358006128835604,-9.8721549185471,0.6043963581383557,0.7275374645388764,-0.002660103751902218,-0.6915251905219256,0.009936583848754385,-9.943496677685982
1280000000,0.6409170338504023,0.6802331270252114,-0.0214266405744181,-0.6836899599193039,0.03465519131460489,-9.740305149176328,0.5967936039507298,0.7139357425742949,-0.04060841165175215,-0.700683510157032,0.031790592159508385,-9.888685900089575
1290000000,0.643048290940213,0.6359209843951232,-0.16569850994880936,-0.8369886764807363,0.18666106072808952,-9.871352828992132,0.5853961530873608,0.7035899958587662,-0.08277608152891647,-0.7272073222807977,0.08044330909164843,-9.840368989039845
1300000000,0.40336138565111546,0.7276397142016755,-0.008948236690122631,-0.5283051160438289,-0.017742207374951954,-9.830322236641837,0.5206145075074085,0.6790197826607545,-0.07410676060946456,-0.6809755372606532,0.06421154628151096,-9.84136555036368
1310000000,0.49958410595098063,0.517863241939008,-0.03572156824510237,-0.8124931005111358,0.04654733113174066,-9.818013771239336,0.49525695021725114,0.5996860322028781,-0.038385329927030136,-0.7119779286002226,0.06439997394104663,-9.807203128830617
1320000000,0.4589213424767449,0.49662907696522207,-0.04842113390830661,-0.6369609096967869,0.0630554368760595,-9.928944745615716,0.4511052231289738,0.5482226266639162,-0.05297087844946795,-0.6838264826051619,0.05578577850280238,-9.868423156876377
1330000000,0.4844751566509899,0.494842102179659,-0.1158541567348714,-0.7682769239651795,-0.15507087012036913,-9.837227217491428,0.439014816919553,0.5122121155785071,-0.06684800070138416,-0.7324431867884286,-0.015334719535856904,-9.885583911156237
1340000000,0.40962181771022554,0.5666961961671557,-0.07911021785682162,-0.7165382758703083,0.11212854338552224,-9.92466777398117,0.4107859246352375,0.49560604138263786,-0.08524000940807731,-0.7527246370298122,0.027034137668939834,-9.889101679661213
1350000000,0.3470246873771936,0.4241379896533244,-0.17233960261165732,-0.7955608971859398,0.07700535439930764,-9.952967638137777,0.36828685955755536,0.47445709444539447,-0.12052860992876024,-0.7752011677031273,0.052575465288805676,-9.922199155656854
1360000000,0.2883221212148261,0.3857262880866807,-0.14845263983579507,-0.7194051125581199,0.05047377573904614,-9.975197761447673,0.30976749713060514,0.42335695835796855,-0.14131664474691225,-0.7447469483760989,0.02006757031965912,-9.954440472921242
1370000000,0.3978174068761751,0.29806122806394414,-0.17481244699203213,-0.756398842300286,0.026533138715398676,-9.89512395209982,0.32422495869516627,0.3654925544672032,-0.11992652019912318,-0.7566289519776555,0.03920054667062696,-9.925994355058005
1380000000,0.35547219834408433,0.27896556813333556,-0.1335062585457688,-0.7500405563003923,0.09809645119879175,-9.9131976857307,0.31934018422895255,0.31266761866328363,-0.15417420254061298,-0.7578859553943,0.019623848686068403,-9.891704872643363
1390000000,0.28503827064201936,0.3063715557183513,-0.21328583799117468,-0.7917002185146703,0.09912480618585859,-9.89193053308068,0.3040728726683386,0.3198612287952664,-0.15493797998416842,-0.7522486908151718,0.04376785016620352,-9.869529336401246
1400000000,0.1737011049168828,0.25307082590523655,-0.1037191115758743,-0.7174260657507513,-0.08075088056485019,-9.866778810696156,0.21942846191345855,0.2868155572180827,-0.12639127971877145,-0.7635273414852387,0.03237771670385262,-9.863338622924267
1410000000,0.16791200991102392,0.3412655820241586,-0.06475796661276897,-0.8969127377494522,0.09690763019269602,-9.970917999737038,0.195094843799894,0.29535718841645725,-0.10655314917606716,-0.7957339556716323,0.04104428586007487,-9.892452886044802
1420000000,0.12953515251287853,0.11110846702548453,-0.11238168721149895,-0.8073526738285605,0.09885296436314145,-9.956733273122442,0.16903288072599015,0.23763081432853228,-0.11088359117689048,-0.8141764954101033,0.04761720310995349,-9.91207845427074
1430000000,0.16463647239613333,0.06567666598849042,-0.004738323115154985,-0.880282044413191,-0.09121866823174234,-9.845446625391132,0.16941716645555924,0.13344029676029728,-0.09840724386646126,-0.7827187709033668,-0.03192083452958787,-9.912891227454153
1440000000,0.124076937164534,0.23308127051815664,-0.09515901532029356,-0.698217107472222,-0.050847863308247226,-10.009868329388903,0.16121006819694272,0.13533622493862257,-0.11883479827409854,-0.7353361121685054,-0.03991564350711336,-9.943445315381664
1450000000,0.1012796060021027,0.10260227988952816,-0.11993863585077849,-0.7485637084561861,0.104596044906918,-9.98912114020205,0.05964793555618691,0.12951023096296121,-0.11736573564228808,-0.7314225780614207,0.035729248178061356,-9.878793628679603
1460000000,0.06815686624088631,-0.04797829828098195,-0.2074470268476769,-0.6727306134569739,0.03901285908205831,-9.957696291061557,0.05936683104640482,0.07743244537338108,-0.14184544983594385,-0.718162443844856,0.05064054967301182,-9.907715876288528
1470000000,-0.01602149630429784,-0.019320038376283877,-0.29899149543586123,-0.701248403210186,0.015145834083012004,-9.979551714718253,0.042238951287043434,-3.721804816336077e-05,-0.19356306182205013,-0.6965596879103649,0.07772060623639299,-9.954843187129597
1480000000,0.0682052657890179,-0.11666511624938347,-0.23931427142434014,-0.6825355757135159,-0.10933748175031131,-9.701068569958492,0.02521555094840232,-0.06407209086834234,-0.21251922049995758,-0.6867465621215001,-0.002681598495915885,-9.885933984960023
1490000000,0.09497844780236632,-0.027159007985978936,-0.056353743888030876,-0.5821792742250835,0.09678408984819542,-9.91876524517503,0.04543917984981699,-0.06889869368552244,-0.12040818739202264,-0.7023015951243441,-0.009802681652133681,-9.902043455637815
1500000000,-0.06008042946493457,-0.08657776733854794,-0.05724031797739801,-0.6565361255472439,-0.002803622215890332,-9.872974058664274,-0.009884143703402315,-0.08623814781889229,-0.08228690346760976,-0.7072000464353384,0.002838950935940573,-9.906662732485803
1510000000,0.043407188769053626,-0.06927764284540007,0.0018470038790190518,-0.7964209506463257,0.053613953179628235,-9.902372227582575,-0.004216135625117364,-0.0834318474048597,-0.056899482902437744,-0.7277183822606553,0.017446580041591976,-9.903015649961056
1520000000,-0.15352271519599767,-0.17160906828162198,-0.14395682374299834,-0.6798721940391097,0.07184224569401601,-9.91107884638004,-0.08548556812408258,-0.12591618331916285,-0.05606586616181225,-0.7109759357460215,0.07138095209718656,-9.867733194904575
1530000000,-0.13144410902045053,-0.19075750456394513,-0.06831642199318147,-0.8444225399367598,-0.0939825309648391,-9.812939257970005,-0.11117894419743124,-0.15752001101186908,-0.09075636389042516,-0.783460517668101,0.020740545711690334,-9.845878894507813
1540000000,-0.22994545338545788,-0.1395128164916398,-0.053114705160674514,-0.8098887703333518,0.0957125495240457,-9.876073907370706,-0.16888141173676074,-0.1443573211157269,-0.08207913671009477,-0.7712153778812927,0.0210458460662989,-9.857876514118944
1550000000,-0.12958722160811198,-0.20227810820915323,-0.10334795541385783,-0.7283106381922918,0.04231336445855163,-9.887105475612097,-0.18418067745976213,-0.20311694788570406,-0.09318943334893186,-0.763022559413549,0.051002907583372864,-9.84928716932028
1560000000,-0.23052128568967908,-0.16728414352339663,0.008467374769666719,-0.666652832697594,0.1391685507324659,-9.852527969681066,-0.19317198291658783,-0.1974923534211663,-0.06829002625417079,-0.7341973524611957,0.07461662361338392,-9.853738429395152
1570000000,-0.26657802542532794,-0.2723520720704538,-0.019226393351049132,-0.7718393197991195,-0.0149056074905083,-9.866925116537248,-0.20188959821024266,-0.19064136929036818,-0.06903497023461848,-0.7718775834448695,0.04577693810998353,-9.861126548060422
1580000000,-0.1887307327544229,-0.1948100280437257,0.025502976322262907,-0.6796392012729487,0.06219493371112697,-9.819894875511043,-0.2092948692087418,-0.1971328406623077,-0.0421704934329146,-0.7061636893437105,0.009244359778244879,-9.819388592156168
1590000000,-0.2180274346687733,-0.18132990956372202,-0.04829057151494626,-0.7252591049909441,0.05303787965772805,-9.88791370249308,-0.2319213302927991,-0.21957114328734229,-0.04855000639289356,-0.674712492263324,0.007432934488986354,-9.835162009092944
1600000000,-0.27560153977189245,-0.18249608906154993,-0.14111718916032953,-0.655755450912481,0.014985968144439536,-9.814275917249883,-0.24626651293241603,-0.1981341195009158,-0.09052560747838766,-0.7178095161443245,0.028829865870623632,-9.845259042995902
1610000000,-0.2756867971354847,-0.24219496774927843,-0.02373426956955595,-0.7793413254366512,-0.1420431492215039,-9.800562198647885,-0.25587435352615495,-0.20706306219826937,-0.07982830681299913,-0.728999153180537,-0.018426309243430573,-9.8283066878032
1620000000,-0.15756602158458083,-0.29427456964988585,0.03780258824528698,-0.7285941064854685,-0.08184219079592683,-9.870317402913344,-0.21652319662387925,-0.23337739317499395,-0.047122036656378076,-0.7366045528480172,-0.08808976216835884,-9.868497905310058
1630000000,-0.2589034154841651,-0.18556312131552455,0.019065144087393016,-0.7865415512264529,-0.05324108082795419,-9.852764831165471,-0.23902554553537203,-0.22267305264576343,0.03177259723927192,-0.7761561201909195,-0.0664533050296627,-9.867687013228547
1640000000,-0.3003699707927529,-0.2879928324716515,-0.00026170457233230717,-0.759841835027421,0.05060191208680557,-9.767780776575966,-0.2618169946374899,-0.24824292882119262,0.0285874066664175,-0.7446582165459422,-0.06270329885408836,-9.812180848255965
1650000000,-0.24164231860196442,-0.15412509262127083,0.06416302372014443,-0.742772234782074,-0.008760905859414985,-9.734394177528557,-0.25602512205453193,-0.18755006215576497,0.05574808198438594,-0.718896767221047,0.033545775915229184,-9.75764129821069
1660000000,-0.2617117118076916,-0.11384134653646902,-0.03530245257558661,-0.6770312454228773,0.030630174713125687,-9.982285328413914,-0.235103004148855,-0.1796413259962758,0.011996293340328725,-0.7006799194466228,-0.0009028521148707231,-9.840360190043347
1670000000,-0.10469775133417612,-0.2413864735374905,0.10396263506949098,-0.7915188431762913,-0.06098435723166598,-9.821817717976092,-0.2038781777133084,-0.2164553621615372,0.02557319552174292,-0.6850006955178551,-0.016150741071814297,-9.888979511225152
1680000000,-0.13254999959601096,-0.22201531829243293,-0.016474250100719505,-0.7469727866212673,0.01944498498533093,-9.847030889593935,-0.14057350621187553,-0.2303198670346113,0.027917013588935044,-0.7329797667545316,0.03012598736162626,-9.89498266055423
1690000000,-0.22856867382644497,-0.21392081503307658,0.08903120853821736,-0.6689268544314595,0.02477468472068316,-9.919588866224752,-0.17079437847254325,-0.249421940767046,0.06347841433700097,-0.71695629194397,0.04916479293556367,-9.877304735302975
1700000000,-0.32791786031603587,-0.15647834375637643,0.024537650274497204,-0.870732963999729,0.047351227001338765,-9.774399825948361,-0.2246404311784561,-0.22368025000864805,0.042119094744724396,-0.7594295312855528,0.03595710081497035,-9.804804718480266
1710000000,-0.19157570258935339,-0.22744083902079867,-0.04294210190409606,-0.7321204879593365,-0.01009677431733907,-9.744312867096815,-0.2457037993541846,-0.22864142260370018,0.007021064509474982,-0.7426706917636501,0.04569988203627507,-9.763717960789961
1720000000,-0.073453279789284,-0.21596395436283855,0.06185269549919496,-0.749354682403905,-0.07982913859721794,-9.656381095039714,-0.1971124160790591,-0.21459899143043662,0.03383959026827403,-0.705156892196777,-0.053002027431482746,-9.731144995659339
1730000000,-0.10649584705890137,-0.2153507884064094,0.07707308118385303,-0.7983000481872419,0.02658609807653857,-9.857006527549144,-0.13476548892254786,-0.21315323030466593,0.0488054588288717,-0.7698572012547622,-0.013497038356159856,-9.77242353185032
1740000000,-0.11194786737834597,-0.09682335775383696,0.011878430407365758,-0.7183889033333736,-0.042131469732292745,-9.831585054455601,-0.11449349901361752,-0.1672390371647756,0.03182318785460799,-0.7825367686570261,-0.043859055549037004,-9.79781434944891
1750000000,0.06866910789113181,-0.052758307864972445,0.07769114600636456,-0.7463278186789024,0.041988308986781235,-9.809827589034732,-0.0640557357487912,-0.11049995418890858,0.03603350517085936,-0.7662350868345262,0.0071519434368497465,-9.777723735227156
1760000000,0.031056158464247696,-0.05904315599531865,0.06891526496963155,-0.7493146894269954,0.004156883386885933,-9.655893964787664,-0.02121822496078352,-0.09069509486179952,0.03868408961743089,-0.7377323960559046,0.03002587213569387,-9.76362632880358
1770000000,-0.016796827526728435,-0.10775267289358577,0.0017772321728896368,-0.7820952760076281,0.03417694523628251,-9.801273801074984,-0.021926944275361678,-0.07820902150778476,0.04273610184803365,-0.7752990267679746,0.01814668648101071,-9.804917777267143
1780000000,-0.04497352255569876,-0.04021249429777936,0.018324255614834625,-0.7495756192150635,-0.01650299830874692,-9.757719835982861,-0.01728801884411174,-0.05255091136350003,0.061434665212436845,-0.7321974674310804,-0.005388370655054019,-9.810576531985754
1790000000,0.028376054060113225,-0.11740384538360282,-0.01827507498140856,-0.8142218664952593,-0.0006613305320360323,-9.719395274049743,-0.024145988118261255,-0.07285718090867987,0.03315987019957443,-0.7471151215806098,-0.01959363041912111,-9.800614142536299
1800000000,0.019739078908729956,-0.08154036619746782,0.08808728883840944,-0.6146348311328238,-0.05002369014159515,-9.827579889346664,-0.009601181589228144,-0.07292302738619501,0.0402962217703361,-0.6912197405789645,0.0037743254270073594,-9.771239646853314
1810000000,-0.051113658205962996,-0.07114751801733427,-0.036620562776145796,-0.5734795160662832,-0.06736251019338071,-9.756895674025028,-0.06066486001352436,-0.05916084209104404,0.03787383017662024,-0.6754721384609531,-0.011047682385773484,-9.760515472216031
1820000000,0.00508185783897111,0.0340414533810611,0.06386403728443886,-0.6397712260990345,0.11136562675654854,-9.739298780398004,-0.022315439207223287,-0.01853669780126581,0.036313525239754146,-0.7018249070764263,0.049179246165991064,-9.75670370456319
1830000000,-0.08360325544086315,0.017000228022433814,-0.005197293947344903,-0.6732858343219573,-0.06749396654949744,-9.775034362557282,-0.0371875612461452,0.031196036627309943,0.0466325738898607,-0.6916814221316596,0.007105664778606354,-9.752516721367218
1840000000,0.014229354680190043,0.11849444160159571,0.09639472610036438,-0.833642368947637,-0.004153767947651363,-9.75572828487191,-0.022135351436788738,0.051380037016810556,0.06646387288213898,-0.7713807922246763,0.018511567232376732,-9.758729978224341
1850000000,0.053861390413239396,0.07842279833876219,-0.028362606018802333,-0.7482151464491285,-0.004526477098075778,-9.818300134656894,0.044900992095628776,0.07940343184073498,0.05040664092072286,-0.7581851944465302,-0.012106570016928452,-9.790319076424005
1860000000,0.03893354024321094,0.16659510586579007,0.021286463376478146,-0.7605711177010972,0.01672031057044608,-9.69017386594062,0.04571730679815957,0.0979606533981093,0.018562960517732718,-0.7674129762430093,-0.021137301740585257,-9.731025810812575
1870000000,0.03811508527826707,0.10110625764790436,0.01102169210033005,-0.8150560160532972,0.09529664693556802,-9.626876734346867,0.06547199701813289,0.09692873125044138,0.009525988059748426,-0.812050058093847,-0.023340264710506303,-9.725596162357933
1880000000,0.15518975571389707,0.11564263494992422,0.00422660859448027,-0.7445915217474126,-0.11935421167554316,-9.675055836660423,0.08641245169975059,0.09518980464470947,0.005322642430152089,-0.7940860215646228,-0.06688241108767096,-9.694820438344873
1890000000,0.1729149493586277,0.09498340457191104,0.04336060198137163,-0.7373051364586652,0.06888192017151917,-9.826360838306963,0.15010685562391624,0.08570511150174084,0.03484045597261476,-0.7375938318880212,0.02781041603386242,-9.738076766752528
1900000000,0.0905987792795647,0.20866322200737242,0.05026948287541146,-0.8052802821842371,0.02152727695836405,-9.808443708805749,0.15322347633387115,0.1301570228677031,0.05148698866099616,-0.7412334177386778,0.02272375763380673,-9.818292425861998
1910000000,0.2044836655666806,0.04226417334738393,-0.01366784875350596,-0.7285440150599153,0.02869605265751425,-9.774780572006675,0.17305437245826427,0.13052374581383727,0.021683576156287892,-0.7441966761661067,-0.01632436261297878,-9.75371760419303
1920000000,0.14259559449837764,0.11880247561038088,0.020937953111128182,-0.7331323182482029,0.14393041014261265,-9.7963333580529,0.1832528272779435,0.12047743078588284,0.02121077955111325,-0.7613645536995013,0.0652337491654956,-9.779490006947947
1930000000,0.1506139064523211,0.13912486969362037,0.05447199075938977,-0.7081218823995306,-0.03294005360564719,-9.877819825134956,0.19096295322511916,0.13188320860233618,0.04762512205951126,-0.7949015846293067,0.00901951042348146,-9.78288951314363
1940000000,0.14531814673620502,0.11082192639271454,-0.03823647777655939,-0.7001726399737886,-0.06880659920265977,-9.701469513434228,0.1796041678407575,0.1374644802024989,0.006039313243284345,-0.754480176598733,-0.002808355016473897,-9.769263806175182
1950000000,0.13774310830131417,0.10435710540456491,0.07522140241322407,-0.7195438011447259,0.06813567993321014,-9.873951322512871,0.1416788847638961,0.13373095159123424,0.015504617481030441,-0.7177751592015353,0.0044080275096774115,-9.781362082764833
1960000000,0.23231405966314034,0.19636116939689563,-0.08064280673261388,-0.8119548156515162,-0.03185803788652025,-9.775122587182619,0.15536118126977233,0.1662541372494924,0.014416197896901036,-0.7683850244888706,-0.03217925335612052,-9.761529567052413
1970000000,0.10305046880165013,0.24981261731892068,0.008877195345074468,-0.805280572659926,-0.010125627928993753,-9.777873774759753,0.16545514845481443,0.20607942462826684,0.005289662712313575,-0.7996407698830621,-0.0023991224270713454,-9.760052836139769
1980000000,0.2617265431386791,0.2751652445769545,0.09290370692614974,-0.6327243085517592,0.09945438695430286,-9.738269585725895,0.17703525021225974,0.24621093481805892,0.020989307593986678,-0.7839205448410734,0.018035910096136407,-9.770105307804233
1990000000,0.2285927481449312,0.17167372005011106,-0.017398177437087346,-0.8112387957113589,0.07928701913777572,-9.7981810076611,0.16569325996745482,0.23716203257646987,0.0032535147877776555,-0.7661208128486889,0.07113754225485724,-9.727951224096884
2000000000,0.18778669718620966,0.231632801536425,-0.05384819656819648,-0.8319569991442116,0.07382395619919097,-9.70256329814838,0.20127185603907227,0.24067078837566963,-0.03625252905385366,-0.804384997654362,0.053625444316278914,-9.720191298827295
