timestamp,position.x,position.y,position.z,velocity.x,velocity.y,velocity.z,attitude.x,attitude.y,attitude.z,motor_speed.0,motor_speed.1,motor_speed.2,motor_speed.3
0,-6.5,-18.5,-2.0,0.0,0.0,0.0,0.0,0.0,-1.5707963267948966,1133.1510991975279,1133.1510991975279,1133.1510991975279,1133.1510991975279
10000000,-6.499977072076549,-18.50000566005025,-1.9999905001947693,0.002895819444286215,-0.0014443563303897708,0.0006920492473428569,-4.1180303509619695e-05,-0.00015784227012813337,-1.5687634654602756,1092.3402876151717,1149.907608863909,1121.3557679646046,1169.7588747250497
20000000,-6.499907548161789,-18.5000149016605,-1.999989264572939,0.009623957279579909,-0.002329435636091792,-0.0005175025696071424,-0.00024042364797477933,-0.0013943973727045711,-1.5612258617336723,993.2198348834507,1191.0097468279516,1094.6203769836166,1257.828017575852
30000000,-6.499804373747897,-18.50003076349421,-1.999999933598166,0.011131168900999676,-0.0011622554189474094,-0.003798484177639466,-0.0005908348055951248,-0.003995039344119929,-1.5494607590719276,932.6714205806364,1216.5278564797454,1079.3152476346543,1315.3515147899182
40000000,-6.4996616300529,-18.500047489312795,-2.00004032306137,0.015686786908145966,-0.0003120090378357258,-0.0029461430458718285,-0.0011203319159138198,-0.008749175630732655,-1.5312642808266403,915.2202060240805,1223.8305835691904,1074.8248916389769,1343.1638429688621
50000000,-6.499532875547745,-18.500057461367987,-2.0000831301659714,0.01318108037984199,-0.0013728957917670181,-0.005972649917166577,-0.001689648477174441,-0.01473295649951893,-1.5105459008833753,921.8355112560048,1222.2887730115428,1075.8681744297808,1349.1242631603263
60000000,-6.499398621427679,-18.500088891902884,-2.000177066743316,0.013002891273508526,-0.005423460968382472,-0.01243528598978492,-0.0024317418548284882,-0.023200257782459818,-1.4830744702612908,937.2257178559883,1218.302597981118,1078.1003882897257,1346.6295096922918
70000000,-6.499242124021276,-18.50015826284097,-2.0003264334740902,0.014650952861216503,-0.007684444516972231,-0.013539022893749088,-0.0033273965313783643,-0.033457837661927586,-1.4514596962289203,952.4448479371537,1212.2180162428087,1084.0872012059717,1339.4066863368273
80000000,-6.499089381889705,-18.500240559209516,-2.000482560757174,0.017634101868913156,-0.008929707844659606,-0.021670193917274334,-0.004451934009274046,-0.04401369101070287,-1.419757276186282,965.0052819296212,1206.985611408719,1089.418329867951,1331.4261921857544
90000000,-6.498884445894778,-18.500348600652394,-2.0007240801776427,0.018856128701159488,-0.012804988768534564,-0.025724747071932466,-0.005991097592073846,-0.057026698867908766,-1.3811436317565633,980.2349296307591,1203.0668162746801,1090.024882904325,1322.6777686103815
99999999,-6.498692897942253,-18.500501896361236,-2.0010092235449917,0.019166549384243534,-0.017358109348143077,-0.02827525400869243,-0.007863600516183938,-0.07123447543674516,-1.3392437223959954,994.8953446720751,1199.844182271132,1087.296037235415,1315.047319371259
109999999,-6.498504641299144,-18.50071313155507,-2.0012921865716256,0.020393270504116302,-0.026111968685899243,-0.032586971646028196,-0.009826711668645318,-0.08490237925293094,-1.2989971124471298,1008.7253503659281,1195.6063419605337,1084.07154234823,1309.0690021238495
119999999,-6.498264427944573,-18.501014062646128,-2.0016450989785817,0.024537559826611054,-0.03338240140285803,-0.035294476491683595,-0.012280245059861094,-0.10078709394266046,-1.2517808833940451,1024.0349947422496,1188.832476710196,1081.643747103927,1303.073544810778
129999999,-6.498000018229705,-18.501365900933365,-2.001986327419892,0.03069369473906037,-0.0416053788576051,-0.03655077397174333,-0.01456076761316235,-0.11564692393329312,-1.2073245931904089,1036.5475231222601,1181.5234827292954,1081.3801106359394,1297.9405082613378
140000000,-6.497632495520693,-18.501855057333348,-2.0023710855419585,0.0397954802655756,-0.05446393565626922,-0.038560803585356705,-0.01729927503089122,-0.13245725769125855,-1.1560569154291718,1049.0783631849642,1176.589244013789,1081.4737576910595,1290.1198008147885
150000000,-6.4972076121057905,-18.502497969532875,-2.002786391344044,0.04171585617202798,-0.06969025439095825,-0.03967570254235373,-0.020261370387450132,-0.14955089055920878,-1.1029196733363642,1060.2247897957604,1173.3669834204632,1079.4357627625689,1283.8147092641625
160000000,-6.496796916365652,-18.503227430276766,-2.003160249089965,0.04767130187267562,-0.08506092460945679,-0.04032661098857853,-0.02312036081055226,-0.1649565372946409,-1.0535912026313508,1068.5009904915653,1171.4576527834918,1075.906682431088,1280.225902924
170000000,-6.496246602587664,-18.504201738372032,-2.0035690060350393,0.0576088559639044,-0.1031847286425122,-0.04063087072380907,-0.02653013270721259,-0.1819734874420933,-0.9971551975549033,1076.3375939049379,1170.5895903545031,1071.5329638246503,1276.7717135893972
180000000,-6.495665390281371,-18.505248791842835,-2.0039625702415838,0.06592750099874232,-0.12215852852984395,-0.040956149549431345,-0.029748159279741934,-0.1971220797567099,-0.9450573997221879,1084.570639127296,1168.6411812022213,1066.6080669612618,1274.7472203529514
190000000,-6.494908328182197,-18.506609259245156,-2.0043853707277317,0.07791460793946828,-0.13968291956335246,-0.041350684503693766,-0.03348888382446613,-0.21358913675485233,-0.8859837384074551,1094.2496837263309,1165.7572690704098,1063.099411416255,1271.2543073069028
200000000,-6.494004668285959,-18.508154903669812,-2.004832502643663,0.09615746214647251,-0.15875380483904847,-0.046059722945175276,-0.037410442259757135,-0.22946422164374003,-0.8257430875589763,1101.306633838007,1163.3981668508368,1061.4877994682015,1268.1288706127048
210000000,-6.493037039276585,-18.50973336456652,-2.005252019817244,0.10863822338661214,-0.17885134362475616,-0.044345335460571546,-0.04091901884719568,-0.24310697579331028,-0.7705403683349294,1108.1627604304888,1163.325271257671,1057.0234982813352,1265.1970591676768
220000000,-6.491827016649313,-18.51167414937764,-2.0057068275005383,0.12476221006819424,-0.1948008091217026,-0.042614843474700924,-0.04468491846285935,-0.2572956913114562,-0.708446875756394,1122.213455384882,1160.9825806743984,1052.6016767566227,1257.534856170511
230000000,-6.490577661853207,-18.51356882549651,-2.0061078992994785,0.1412286308072223,-0.21141051239517936,-0.04258266331422034,-0.04771570426879681,-0.2692615882574449,-0.6522930554248202,1135.6265321879555,1156.3586969774428,1055.4018811109904,1247.0140642188398
240000000,-6.4889961249643795,-18.51586619103918,-2.0065348909659853,0.16302353457825208,-0.23067065309476664,-0.04036820592028237,-0.05068944349420088,-0.2816612457190574,-0.5900325441196385,1149.682232159436,1150.51002115624,1062.5210809970424,1233.552322286321
250000000,-6.487169212218588,-18.518376834854518,-2.00694437840234,0.18769017667156243,-0.25199409086211466,-0.03770415816558098,-0.05312746357543397,-0.29289929163907813,-0.5283589106663189,1164.231863070887,1143.0755596669717,1072.315812799237,1218.7128197753882
260000000,-6.485300467327225,-18.520829045325335,-2.0073144068506843,0.209613343452159,-0.26934779726407243,-0.03880855402246343,-0.05462184483704134,-0.3019695853029917,-0.47379696159807505,1174.9665641453867,1137.88966849231,1083.4780335126097,1204.2811968430483
270000000,-6.482983862420307,-18.523765103542775,-2.0077110184920643,0.23616487921017024,-0.2928164909859963,-0.03627372220631551,-0.05552065470831797,-0.3111627250340293,-0.4145795664649717,1186.6965738286904,1130.5981027949367,1097.2833879393163,1188.3365778626367
280000000,-6.480672021571575,-18.5265875385,-2.0080481001713792,0.25705618592091883,-0.3096203061101529,-0.033505421565068264,-0.05557470561734341,-0.31862138898644565,-0.3628047296009254,1197.3950782373784,1123.6090303592594,1108.8506289450556,1174.7132041727202
290000000,-6.477836837251179,-18.529882049065964,-2.008369361348215,0.2863914569812922,-0.32394537305035487,-0.030188047869828632,-0.054741155249562516,-0.32597659417713976,-0.3072290937073761,1206.8771741528058,1119.1890611694694,1119.2751210971473,1161.4029527000441
300000000,-6.474680359692799,-18.533335572820665,-2.008701123560208,0.3205284472852997,-0.3379199278360612,-0.03184293763154337,-0.05292878133048075,-0.3323048801367869,-0.2540263043187244,1216.9733886050167,1116.7420895026946,1126.9511768021307,1148.3191611880486
310000000,-6.471539505261138,-18.536547753097118,-2.008987379928451,0.3511942496776778,-0.34739237351517144,-0.027845306185372776,-0.050388322611443416,-0.3371727608755412,-0.2083687666822985,1226.9139014273917,1113.3270160801553,1133.6748105479721,1136.5979426216345
320000000,-6.467720182290634,-18.540209568145826,-2.009245101927726,0.3850262270070948,-0.35614273904663973,-0.022485103514463867,-0.04649284363749672,-0.3416456438708223,-0.16016899746970586,1234.630633805597,1108.7985403844332,1141.7878272997798,1126.880672956752
330000000,-6.463964872882533,-18.543583506419733,-2.0094365645122623,0.41595328303354606,-0.36355370194262804,-0.020244629388398258,-0.042086001340819974,-0.34486367291541625,-0.11909698409993201,1236.6986254106146,1108.230829580499,1150.57532044924,1118.776041922211
340000000,-6.459446574479697,-18.547374572650334,-2.009652783422375,0.4528838792607048,-0.3641531476320661,-0.019611183235506785,-0.0363813196631684,-0.3476413431699535,-0.07615877337219926,1234.889222765933,1110.808433822739,1163.7922359780368,1107.8390191034546
350000000,-6.454555017368415,-18.551201963904226,-2.0098570705648005,0.4864854614214636,-0.37076588866261856,-0.02073493403909797,-0.02982873572239815,-0.34962621362612756,-0.03613760966415934,1234.2976529465832,1115.2785088446644,1173.999352549359,1096.230258127087
360000000,-6.449846486202755,-18.554680201044846,-2.0100487311836113,0.5193841988624809,-0.37178382971866625,-0.019599301928070356,-0.02327314052432932,-0.3508558067707554,-0.0026406929598405855,1235.033219558272,1116.8211114445674,1181.5221623217576,1087.791148614724
370000000,-6.444245021750947,-18.55856265574794,-2.0102459200000564,0.5565098993602114,-0.37324606891278644,-0.016132346171593304,-0.015175848365352549,-0.3515822520240837,0.0315529189432899,1236.2688079482666,1111.3054826949826,1191.5749197654757,1082.8000152772888
380000000,-6.438885384774599,-18.562061517456186,-2.0103888752199137,0.5874241399158301,-0.37368299514167674,-0.015086642472005866,-0.007114115200098952,-0.35183894789833514,0.059618517998436274,1235.196172292737,1106.0774146475421,1201.4486030219182,1080.1286067706346
390000000,-6.432583669727309,-18.565942343531002,-2.0105238487969124,0.6226393988505649,-0.369733005257639,-0.011558181924529199,0.00241029241772648,-0.35172588392141535,0.08793773939638243,1230.9296280734302,1105.676505446323,1209.8878831688671,1078.1725203792112
400000000,-6.425916994873196,-18.569771351969347,-2.0106238431989727,0.6570030882633516,-0.36573206680330766,-0.009373405119550012,0.012487146662355234,-0.3512685106325634,0.11323932076854819,1227.398404759921,1109.067329906813,1216.4334854687565,1073.5540838754378
410000000,-6.419617692614756,-18.57318082560239,-2.0107090937264416,0.6880590494814921,-0.359009830984796,-0.007971236185984535,0.02203264747696803,-0.35056688730563373,0.133327834376821,1226.3008338578672,1112.5677137511725,1221.328237112564,1067.663200771388
420000000,-6.41225672577835,-18.57687336306681,-2.010792209648365,0.7235583682748188,-0.349539207420283,-0.010121376095349969,0.03297742234385479,-0.34932133482870853,0.1527597836936719,1224.6418691234671,1113.8365993794166,1226.378702466897,1064.5597963805703
430000000,-6.405316618872317,-18.580105804521054,-2.0108746205870562,0.7573702020488315,-0.3386846444513171,-0.009001031096747275,0.04321174842949753,-0.347913424274989,0.16767085932373765,1220.7835379816336,1112.861943505552,1231.9187366209487,1064.8185143571884
440000000,-6.397240345216613,-18.58357074577347,-2.0109598271094673,0.7907028102444406,-0.32600922109157987,-0.007690176983562604,0.05474842413267635,-0.34602586281753894,0.1815525819121247,1213.5696393504425,1116.3700897321298,1237.5199181420776,1063.3258976450759
450000000,-6.388812240493888,-18.586883359856227,-2.011019441839991,0.8300333394844783,-0.3078389927335615,-0.006078859687299899,0.06631165701240226,-0.3437795984127302,0.19282617620488726,1204.026691348832,1121.0905496882733,1242.2934959864317,1063.84885471918
460000000,-6.380883750733939,-18.58970044199688,-2.0110650044732234,0.861700000637203,-0.29230819438202826,-0.004291020604139266,0.07679357625656238,-0.3415546466471913,0.2006893484006226,1197.1313616162,1120.2197876990622,1246.9515983542065,1067.317207534598
470000000,-6.371745621071834,-18.59266934303246,-2.0110984162297956,0.8921930410390108,-0.2758839853548698,-0.001212027719275806,0.08838031180080937,-0.33895827798537026,0.20700087913826953,1192.8910955277456,1118.9958057366273,1249.188964010825,1070.9659996925425
480000000,-6.363243910025461,-18.595194655929255,-2.0111055590270004,0.9211128758335185,-0.2620878427583246,0.0003454925628122564,0.09874050389880962,-0.33664092014494373,0.21066902232795878,1189.4260886298625,1120.3945081866036,1249.4625813290647,1073.32649824151
490000000,-6.353484016998784,-18.59783526858638,-2.011109982783267,0.9542369238188455,-0.2426425875959361,-0.001370515860222624,0.11007245831092957,-0.33397233869151277,0.21276752204368568,1182.3457687001082,1126.7672616717568,1249.5834077860209,1074.7519042520826
500000000,-6.343376047317657,-18.600254742749552,-2.011101336257247,0.9847824997353667,-0.22427260095837484,0.003303391097006327,0.12100462674411602,-0.33127549193460837,0.21288307880773255,1173.4649852166415,1134.74515662131,1249.8442409839613,1075.7529333739735
510000000,-6.33400928298748,-18.602266091778993,-2.011079937080331,1.0155320535508907,-0.20496453841699774,0.00170301557784392,0.13030181396993706,-0.3288435592678269,0.21144101775274668,1168.0111592842495,1139.6580312736348,1248.8307669023025,1077.4483192734144
520000000,-6.323271048520212,-18.6042786145454,-2.0110555546342477,1.0464169140106105,-0.18219947332724365,0.0030162314471125448,0.140041355477437,-0.32610630656141165,0.20820350195900705,1163.96081677629,1142.51997261462,1246.5006769179602,1081.2904736126734
530000000,-6.313343656103473,-18.605894567761496,-2.0110306770504383,1.071562702836376,-0.16244355617422052,0.0022106338877117115,0.14822995532269925,-0.3235885699856266,0.20390096281180153,1158.8886946669165,1145.4143938924153,1245.490956864483,1084.2546657823118
540000000,-6.302019555659897,-18.607461371107483,-2.011015018405255,1.100932360747756,-0.13968429236715993,0.002607213024735996,0.15651936526993568,-0.3208342166123322,0.19771452326693537,1153.715356187955,1149.0937216007237,1243.6597121365987,1087.0101618187848
550000000,-6.29156412983355,-18.608680219416623,-2.011004563205643,1.128396658455891,-0.12179450983323827,0.0006606221283101348,0.16338604313474472,-0.31835407199880106,0.19103712687179245,1149.0926508585271,1152.5947375985602,1240.0086971474232,1091.2189535584616
560000000,-6.27967155692638,-18.609817164991398,-2.010978216493233,1.155778802180631,-0.09707442647915132,0.00453473640000965,0.17016130446415764,-0.3157156451284225,0.18262038452253482,1142.6874413783762,1156.426157614613,1236.2694829330003,1096.594739723338
570000000,-6.267492793652117,-18.610694286001017,-2.0109275530067148,1.183203018631526,-0.06993105287947537,0.0061122739488240554,0.17606321649707443,-0.3131456413583358,0.1731347413283942,1137.7826564579618,1159.3767470325315,1234.0756662963279,1099.7286534344632
580000000,-6.256282055364222,-18.611257927299743,-2.010870085619487,1.2090039019656638,-0.0506227335863109,0.005650705868908641,0.18050011459801862,-0.3110347991366544,0.16387143990462735,1131.804289435676,1162.7304763347338,1232.6058933180536,1103.274606389976
590000000,-6.243545299529797,-18.611646031898964,-2.0108019904596945,1.2364964327998802,-0.02570871404477636,0.007480374875076453,0.18431171444421496,-0.3088441993280045,0.15300227741809697,1126.6745135927572,1167.0146086915859,1228.1215253849432,1108.2063253055226
600000000,-6.2318216515978415,-18.61177445686322,-2.010730229394119,1.2626621966768241,-0.0032410919643866805,0.007613334397995782,0.18674223431937392,-0.3070497280460849,0.1427346072508644,1125.2244202799336,1169.7386192309327,1222.7891416117093,1111.9756182618376
610000000,-6.218522842617382,-18.611668398723697,-2.0106504333979847,1.290229373072674,0.02392762235687677,0.008451188019162002,0.18835340923906393,-0.30519778027944233,0.13089342252499503,1123.8606031984898,1173.6478080437362,1216.9699889309356,1114.8601039853438
620000000,-6.204969461610327,-18.611258886840442,-2.0105593543612623,1.3103181218189601,0.05293842186219928,0.009159936150156082,0.18890130175930245,-0.30349553896803105,0.11877230591768727,1123.4635634363183,1177.5541412890784,1210.9071969716567,1116.954846766531
630000000,-6.192586305381452,-18.61066452848976,-2.01047081425032,1.3323114642967988,0.07302189882940156,0.01020198715097798,0.18845326037625723,-0.3020502212379898,0.10774101266732895,1124.1550427460231,1178.840463251699,1205.4628891459292,1120.0875562624587
640000000,-6.17859479066533,-18.60978591122122,-2.0103594770609243,1.3548297313442719,0.09633800279336015,0.012336524657488766,0.18698772438444755,-0.3005858327342064,0.09541549556947022,1123.3560155755772,1180.5836009581658,1199.8372494874363,1124.4091955451952
650000000,-6.165788469639321,-18.608781222399077,-2.0102577717842296,1.3747014787999459,0.1170909336246602,0.010885752505551552,0.18480298804829878,-0.29946675253761085,0.08442910909044764,1123.2103919900683,1183.8470406340955,1193.806227221229,1127.1881542853148
660000000,-6.151319888384511,-18.6074545077562,-2.010127435345238,1.4032242776501476,0.13907378328530398,0.015180303399343436,0.18135749273414456,-0.2983305663798217,0.07240127047374141,1125.0866353117094,1186.0324469048498,1186.8848596106438,1130.024926908109
670000000,-6.1365742424479395,-18.60589590391042,-2.0099535636848795,1.429290063620836,0.15894905121959438,0.018493108018567267,0.17705607002633314,-0.2972114811047158,0.06065683027326346,1123.8178729105905,1184.9465776893824,1184.932355315954,1134.4113098212592
680000000,-6.1230689805578935,-18.604314093823923,-2.009755893442552,1.4515086117011695,0.176219461812573,0.022499625987511554,0.17244754313105962,-0.29638735903438734,0.0503850520918581,1120.2569226141434,1186.1994801658461,1184.2133350170532,1137.9884013648452
690000000,-6.1077988998051325,-18.602375910132533,-2.009499977435748,1.4808570802679815,0.1972623223894348,0.025411133445704642,0.1664575107028448,-0.29580487617211737,0.039526295827963145,1117.1998291086616,1190.17694290957,1179.8152946064151,1142.752571485352
700000000,-6.093797826322609,-18.600453867082205,-2.009245733311445,1.5067680078037402,0.2126716234265301,0.02787622144247303,0.16031135323180462,-0.2954720983320825,0.030291143846750697,1118.2186149020808,1190.7528528414605,1175.0369756888097,1147.6811277789304
710000000,-6.077968879587983,-18.598167259171852,-2.008969951512051,1.5339484912743404,0.22670922869861154,0.027134183469694574,0.15279260508772596,-0.2952791138115842,0.020481406826384507,1123.670358398282,1187.419097644116,1170.841514618252,1152.0179615348366
720000000,-6.061853724215461,-18.595733976870445,-2.0086732694987925,1.5607476250803398,0.24060203886344692,0.029450364533455668,0.14472214621722315,-0.29532811628112,0.01115907839331334,1128.262610929464,1186.175381498311,1165.6718991191176,1155.6819290154408
730000000,-6.047084527839039,-18.593398359931218,-2.008408309271745,1.5879094786268984,0.25735622409122644,0.02910987956710793,0.13689027641594614,-0.2954807670642984,0.0033670721060416325,1128.4403766833732,1189.0054754836012,1161.462105353689,1158.0325033607946
740000000,-6.030397504590636,-18.590633266880474,-2.0081234725542734,1.6158163850074356,0.27191292762371194,0.02520955016443608,0.12761404866129888,-0.2958164285915657,-0.004619020021776829,1128.792545925363,1191.0580145359008,1157.5622996109093,1160.763601405567
750000000,-6.0151443551968296,-18.588029460261975,-2.007876274951368,1.637483552795897,0.28264007119758017,0.026559200342945358,0.11878343789770177,-0.2961203798773876,-0.011174962729313363,1131.09370726036,1190.2995843859314,1154.3277082041197,1163.144678862068
760000000,-5.997952174363319,-18.585023140908085,-2.007589892187775,1.6653043529320044,0.2962357365800068,0.02812584040970421,0.10843077375698738,-0.2964904463572993,-0.017703104970447397,1132.3502249416133,1187.8110140170986,1152.277795135693,1166.7235829482818
770000000,-5.980448376561708,-18.5818890963286,-2.0072954435941868,1.6942206621496883,0.30615878556646037,0.027700970452374907,0.09768761677697693,-0.2970081737549177,-0.023522330580625757,1132.8925250931352,1184.4831001026464,1150.9448584009142,1171.4931059573817
780000000,-5.964440744801686,-18.578990076190376,-2.007039503093432,1.7184208995866155,0.31312675024184666,0.02606421909880091,0.08769598408724297,-0.2975775224287762,-0.02815460605512596,1135.184897487237,1184.5622066949475,1148.5512200198505,1172.344552188442
790000000,-5.946370309809353,-18.575674833754153,-2.0067688207112697,1.7502030194917488,0.3237240359726465,0.02488243994491194,0.07630630583379586,-0.29821414270301366,-0.032588384200347584,1139.9734772640022,1185.1958104952637,1144.1260924631779,1172.0412967928405
800000000,-5.929835454987782,-18.57261928526582,-2.006522911975383,1.7782998569742414,0.32951147638329503,0.0278523127368924,0.06593512277248652,-0.29879605991138497,-0.035928280046692324,1144.1724588848274,1182.3456445687516,1140.1636049144477,1175.0324556361018
810000000,-5.9111588518450535,-18.569162762510974,-2.0062492722652303,1.8094555260136602,0.3331942827823961,0.02389954604802134,0.054337429279795846,-0.29947324506833967,-0.03891138749774531,1145.078065863337,1179.2083940658638,1141.008411615007,1177.1628414451986
820000000,-5.89217810637684,-18.565654459927536,-2.0060164441292114,1.836495073833238,0.33832533156283584,0.019682690070893374,0.042734973708636145,-0.3001419229616541,-0.04124219440570631,1146.2053477247455,1176.8994065813727,1141.7710222498956,1178.3525849935959
830000000,-5.8748081361298015,-18.56247223437215,-2.005833019908155,1.867383517572742,0.3423934955250157,0.017886920496606624,0.03234745987531789,-0.30075286402193063,-0.04290033897284718,1149.8116006981593,1173.8172393970376,1139.791753982741,1179.7442537449374
840000000,-5.855186920293931,-18.55891384399651,-2.005660766932593,1.8994594873654662,0.34154903122842833,0.017449495232196348,0.02090566146052627,-0.3014240762502999,-0.04429056069928956,1154.5157427095378,1170.618017359663,1137.7865223616054,1179.6202301040655
850000000,-5.837255092007331,-18.555727115629782,-2.005510843384726,1.924811271218883,0.3408501919907579,0.015837895895986515,0.010672532571508067,-0.3020023636266428,-0.04498771169565453,1157.1953725106744,1170.1133477384556,1135.2502961549862,1179.440959133332
860000000,-5.81705610342875,-18.55218099941831,-2.005367828274988,1.9541582093697272,0.33856380636242867,0.01302569404822436,-0.0005702638056091937,-0.30267189240657044,-0.04518992046050632,1158.2391084579467,1167.738652084845,1133.2579225895906,1182.321898473346
870000000,-5.796578941859283,-18.548666258435333,-2.0052364343886757,1.9787353798698766,0.33381475114208387,0.012074578199143947,-0.011508598227861953,-0.303352364808542,-0.0449188483326304,1161.3740320562367,1165.3099347837706,1130.9053661981723,1183.39525408591
880000000,-5.777916282549486,-18.545554787825637,-2.0051218848247716,2.0028836749180523,0.3297575403934361,0.014058122144072014,-0.021069614998769713,-0.30386449130217913,-0.044221901899910036,1163.7630337932949,1164.2107619681808,1129.1401819664634,1183.237533623644
890000000,-5.756897555956714,-18.542148735739413,-2.0049661530491547,2.031691539672488,0.3222559834528756,0.015602573641494113,-0.03131775978418659,-0.30434764220634547,-0.04293538445582303,1165.3581440209357,1160.6527494052611,1129.6377339288704,1184.3164364951872
900000000,-5.737719967798066,-18.53913070514215,-2.004797356960586,2.05913682135618,0.3216562672886799,0.019876683628942748,-0.040164370108559826,-0.304737672212477,-0.041364361350914675,1167.5986851667553,1157.7980220957409,1130.2395398462224,1183.7868851043006
910000000,-5.716119703770488,-18.535790426407992,-2.0046043317701696,2.0899006684710946,0.3190547012689791,0.018798326788532906,-0.049556800879375015,-0.30505352895255894,-0.03920183593001227,1170.0614209464889,1158.2151339049738,1128.2179656809324,1181.3382993996615
920000000,-5.694201883757586,-18.532503231767944,-2.0044020961314293,2.1188814448949795,0.3120748307989952,0.021059023880231734,-0.0584537531429749,-0.305212295895211,-0.03661704741405633,1172.784966257069,1158.1579672842859,1124.131488792157,1180.157619282755
930000000,-5.674233247470386,-18.529615856906098,-2.004209110129342,2.13962247189982,0.3047886592165057,0.019759311148593667,-0.06602514003904394,-0.3051218515642683,-0.034088688820112664,1175.508713261063,1155.9060766410778,1121.4959817459223,1179.2312510015556
940000000,-5.651807066368631,-18.526477979262935,-2.0039808607530056,2.165065728187476,0.29563362743278393,0.0238481260860608,-0.07388549294421862,-0.30475243267000807,-0.031072900868208214,1177.6187418492484,1153.8739614896162,1120.086483168467,1176.849893729232
950000000,-5.631406095103404,-18.52374645857008,-2.0037603697587727,2.187863298571919,0.28670889444072767,0.02356539340900832,-0.08055046632834818,-0.30415432136455656,-0.028162962941535617,1178.4933093727668,1152.4986614240104,1119.8921244767573,1174.4083299482481
960000000,-5.608474831033347,-18.520821384239326,-2.0035004569424326,2.214523900669569,0.2773417340061061,0.027266349231017832,-0.08747660987123332,-0.30319912050113107,-0.024696063314079388,1177.7260613137428,1152.145778882117,1121.1681393878353,1171.1565768764647
970000000,-5.585269452817256,-18.517993846730363,-2.003235599281401,2.23740228850832,0.2643871439889583,0.024982178307846093,-0.09394454323801432,-0.3018312618559955,-0.020972799187321672,1177.877988196483,1156.2979454156593,1118.9444044764714,1166.0455945357908
980000000,-5.56419188676007,-18.515552196893083,-2.0029811292163,2.2603739715018083,0.2555614771626147,0.02923008808665834,-0.09939234184368476,-0.30013100227782236,-0.017518152546995912,1181.707770601302,1157.123673691562,1115.8401900020854,1161.6396267655343
990000000,-5.540485844463806,-18.51295609593124,-2.002669046829319,2.2894678839589213,0.24408379577590172,0.030899588130539182,-0.10485052025292661,-0.29776076924351236,-0.013688417153952663,1186.1010229241274,1152.8735503454607,1114.7682588280288,1159.4130017421762
1000000000,-5.518901877261825,-18.51072791984179,-2.002383550921806,2.3146842324971932,0.2307900324924506,0.028511522335527686,-0.10914432024512297,-0.2951143659832855,-0.010294615807313504,1188.791016098859,1149.3664605395675,1114.7075175348234,1157.8969543414496
1010000000,-5.494651377386289,-18.508390263771044,-2.002055533417598,2.340171881589044,0.2175780418351489,0.03175039124534338,-0.11313910421569963,-0.2916271298442862,-0.00661092588911073,1187.973721068434,1145.1617347439694,1115.9573284655953,1158.7145262908848
1020000000,-5.470161088524618,-18.506202534424357,-2.001709921520586,2.3625549747816943,0.2046511178873337,0.03440813991859282,-0.11640830728211485,-0.28768050616453456,-0.003057764676930761,1186.343909142317,1142.6444348852078,1116.7047890899373,1158.9665643136348
1030000000,-5.447927851213288,-18.504349278950155,-2.0013558546027697,2.3791829887247324,0.18913198440960854,0.040368149706923304,-0.11866621657526752,-0.28371001536866086,-9.902392547913147e-06,1186.6947173909691,1143.5291123099169,1116.313981422017,1155.8535469682504
1040000000,-5.423014409438586,-18.50243201967108,-2.0009519046965796,2.4047078197229577,0.1780589026759756,0.03870572568144431,-0.12045492814654965,-0.2789375706643341,0.0032718706423145,1186.4304995753482,1142.934907697253,1117.7593724290484,1153.8731061200479
1050000000,-5.40038583662678,-18.500808596351945,-2.000582438937444,2.425475917805846,0.1691235708396211,0.039944437064964367,-0.12150385425843431,-0.2742759348437662,0.006059680044624728,1186.1076679814446,1140.8729806249567,1119.3167152064816,1153.8409778559474
1060000000,-5.374991125224006,-18.499092472261808,-2.0001470072766105,2.4483744722401366,0.15868618969224318,0.044461622650447306,-0.12203008249233004,-0.2687004074702808,0.009060564739722509,1185.505414184267,1139.6805164588218,1118.6431889533678,1154.7507135653725
1070000000,-5.349400150059141,-18.497501607663214,-1.9996968382182243,2.4658689567950556,0.14439772651397095,0.04215465894367235,-0.12192057586032078,-0.2628548497805663,0.011964020528909125,1184.6418370932222,1139.2208044769661,1119.0702871421468,1154.3925768321824
1080000000,-5.326209243967565,-18.49621137202225,-1.9992934017515884,2.481649447886052,0.13165245806166723,0.0426239123490936,-0.12132731643598892,-0.2573218900555055,0.014473827275938381,1182.1943324118477,1140.698859825418,1121.4076644174154,1152.196773513622
1090000000,-5.30025493987487,-18.49489269013358,-1.9988340918272312,2.5025195298668588,0.12054018798976752,0.046427214270487085,-0.12023728315976508,-0.2508567675434709,0.017155437102580034,1179.5389848177356,1141.5003276813793,1123.442427770009,1150.699663383374
1100000000,-5.276713789243778,-18.493814612901474,-1.998390511078579,2.518980085233084,0.1095293774686908,0.04806963878590814,-0.11876877076314361,-0.24482572871003924,0.019317117029652886,1180.2904398008332,1138.789404197088,1124.9936498614964,1150.0717975898203
1110000000,-5.2503794939816,-18.492757817168343,-1.9978889872938215,2.5364167547259044,0.09389453969992308,0.04794393574575003,-0.11659574655586576,-0.23789621386727258,0.021518528533050058,1180.9964073419148,1136.015714026806,1125.6348670893408,1150.9258394656679
1120000000,-5.223876226409483,-18.491838442348552,-1.997396099185955,2.5538913049602834,0.08279201469603231,0.04678427367937323,-0.11388763753552464,-0.23082436214565835,0.02356875163030325,1177.8867888671343,1134.6420951281907,1127.6196768871364,1153.049524311027
1130000000,-5.199852581611518,-18.491114266466347,-1.9969406354847425,2.5693809616336463,0.07045362818619362,0.051371153001128496,-0.11096962828302656,-0.22427737177076218,0.025260032750744812,1174.0564447240838,1135.8331231637085,1130.1174887460136,1152.5929715670857
1140000000,-5.17301012752442,-18.490411605476837,-1.996414229045961,2.5846302886605383,0.06239932090358524,0.04836422126973497,-0.10727331115873687,-0.21677787793428954,0.02691390825847758,1172.0949488173292,1136.1692138969331,1133.2464225069689,1150.534816305071
1150000000,-5.148700621198865,-18.489872430490692,-1.99596843167787,2.5999774595267957,0.05106158496269052,0.04649131085425483,-0.10357734165780112,-0.20994223574244736,0.0281977645662523,1171.2886699702508,1133.9668653075705,1136.7724537457195,1149.7267379504533
1160000000,-5.121565177337517,-18.489378701338207,-1.99548270948593,2.610110216309512,0.04564515885381085,0.04557374121341867,-0.09908141634862329,-0.20222864898789714,0.029425368080184325,1170.966711600546,1134.2906670630437,1137.6296495950864,1147.9240794737455
1170000000,-5.094297434978178,-18.488957862369183,-1.995014760937355,2.625784714748615,0.03484605904383918,0.045434472682707526,-0.0941839014350535,-0.19441264838833014,0.03046571620037612,1170.0480424894608,1136.2527389215525,1138.2338985079252,1145.0411379901266
1180000000,-5.06964561460502,-18.488683776248674,-1.9946020765644574,2.633556131506131,0.02624580508900959,0.040413357469325714,-0.08955421826157921,-0.18731220173548,0.031251479782391685,1168.022993639527,1135.7649893533078,1140.2138490170018,1144.5864367888669
1190000000,-5.04215096625699,-18.488454402621777,-1.9941812261727252,2.6470617731829913,0.017953071991986088,0.03885121673230642,-0.08409192401517224,-0.17939160025959575,0.03201004671682529,1164.2746900124819,1134.3525276152893,1141.6085171091775,1147.0005030717034
1200000000,-5.017276357162054,-18.488302680106894,-1.9938472534721106,2.658622348615179,0.013175415539069474,0.0340577681224977,-0.0789010440571463,-0.1723003451617092,0.0326179054488981,1161.5284613425877,1136.0659596509822,1141.5170950259358,1146.5418237907295
1210000000,-4.989527397914992,-18.48820596951673,-1.9934902603405833,2.66911290041054,0.0064557194919347815,0.03394883819257722,-0.07299689397153838,-0.16439142608192514,0.03316957509263753,1160.2199625350884,1136.0845983509885,1142.0510598944886,1145.1740189084649
1220000000,-4.961661264891495,-18.488170397882687,-1.9931378189483961,2.6809489920626937,-0.0002736834669885916,0.03321110154856482,-0.06687256168511471,-0.15647697111434905,0.033627319181861584,1157.1389831473625,1134.322798690568,1143.941886038679,1145.9768697686466
1230000000,-4.936482698483719,-18.48817744316912,-1.9928295186733302,2.6910874725022174,-0.0016351423538715874,0.033089249745197086,-0.06120199647507142,-0.1493272126680134,0.03398395706300128,1153.5341916375605,1133.5275837051615,1147.5060594694519,1145.3553472925769
1240000000,-4.908419253850075,-18.48821113777002,-1.9924959531160358,2.69845532970482,-0.0050734988978380574,0.03119840694998425,-0.05490991564407154,-0.1414768596798598,0.03411916006291545,1150.2847483093822,1131.7457644002475,1152.4205613622553,1144.2440084846974
1250000000,-4.88308872538897,-18.488273161958418,-1.9922034235218704,2.7047447919660397,-0.007572018481403322,0.03021505196115489,-0.049249055211749965,-0.1344745618810918,0.03402092702388065,1147.636817133915,1130.7023316329655,1156.5595441121068,1142.8583923674162
1260000000,-4.854894839379785,-18.488376086635544,-1.9918958752098561,2.7082704988409136,-0.010639805897841706,0.02834225722291245,-0.04296878003811624,-0.12691635839499432,0.03371151007017971,1145.4272567200517,1132.1604350508564,1158.5027700675817,1140.6834339705479
1270000000,-4.8266520703652205,-18.488484557424986,-1.9916295533114867,2.7132192350574647,-0.011923514523668093,0.023699977715803157,-0.03687633662370233,-0.11963725523432762,0.033236916724178174,1141.005081843532,1133.886149189761,1160.21965145826,1140.694743854775
1280000000,-4.80119915290136,-18.488619017848862,-1.9914019116428026,2.7168057070437435,-0.014749616358670769,0.022517378493410217,-0.0316509047947064,-0.11332059196966453,0.032656977126252644,1135.5284663502546,1135.6521338255466,1163.4190644711107,1140.0228914312427
1290000000,-4.772846616047433,-18.48874623557962,-1.9911552812497315,2.7267135893419567,-0.014941816076678353,0.023232528728543915,-0.026219193028139784,-0.10650316289058565,0.03190956609531094,1131.6427099444024,1136.99419355364,1165.1648665718724,1139.214379082782
1300000000,-4.747247525918698,-18.48886282436192,-1.9909490994476564,2.7328200938809597,-0.011965168602775309,0.021557205920489632,-0.021586572072365955,-0.10070268908458686,0.031157794999223446,1127.8339379097313,1138.8145211296614,1166.1774803923292,1139.0365962893597
1310000000,-4.718761567147781,-18.48899134196422,-1.9907105574015103,2.736004729866611,-0.012468646975974097,0.02230153519619271,-0.016667763809220065,-0.09470467435812105,0.030254251679217824,1125.9356019068402,1137.4303025048207,1166.3508541173144,1141.2133899270611
1320000000,-4.690228935979773,-18.489123831430103,-1.9905057747278148,2.740496090267523,-0.011620051131318145,0.018213656163822096,-0.01194689156938332,-0.08914260822425205,0.02918052655732416,1128.2734532891993,1134.0205564080934,1166.281908392411,1141.7224990559712
1330000000,-4.6645649972322305,-18.48923953593939,-1.9903395423537862,2.737877407248729,-0.012580469983654344,0.016622340895820018,-0.007955048326348012,-0.08438510403319899,0.028062273570606207,1129.746189462806,1135.1242606227543,1165.7311066726775,1139.164457813986
1340000000,-4.63604829901955,-18.48936152129712,-1.9901712324516616,2.7398415485967655,-0.012078520307932647,0.016638227613921305,-0.003868086102940813,-0.07939879524166632,0.026703660392554444,1127.5257272190856,1137.384284226821,1165.7271056563297,1138.0665042270575
1350000000,-4.61036937897704,-18.48947355003543,-1.9900085628785538,2.7387230694614746,-0.012281329213307225,0.01740101519509337,-0.00048621812763635386,-0.07520192171264006,0.02535728134609947,1123.2682243196234,1137.8904299263816,1167.3265709864484,1139.2887228168952
1360000000,-4.581852335518023,-18.489589466764954,-1.9898389382896147,2.737619120047952,-0.012041213059576084,0.01455295990628525,0.003064123799603939,-0.07092647539755788,0.023841285225984013,1119.8841017699808,1137.0683456622867,1167.893223775661,1142.4303814728758
1370000000,-4.553346066259344,-18.489699183291997,-1.9897184918211963,2.738663507303573,-0.008952730753078234,0.010833874096972486,0.006265717158902435,-0.06709130107823737,0.022385738599303564,1119.4288780951103,1137.3984878926462,1165.4517501151004,1144.7629986140819
1380000000,-4.527664419769543,-18.489791475871098,-1.98962590063419,2.74032364150091,-0.011190643940252947,0.01078421171572473,0.008850228207461265,-0.06397506206575247,0.02111455786307922,1119.1231322393073,1139.123674029209,1164.2760833606085,1143.801663577644
1390000000,-4.499121928816434,-18.489897768888397,-1.9895093741800454,2.7388783005425856,-0.009894423246229321,0.012039868279268623,0.011395112867569173,-0.0609262845538476,0.019723823586695086,1117.1251584845652,1142.6407454046482,1164.9986222729035,1140.3801418731878
1400000000,-4.470593202135958,-18.489983261895606,-1.9894088143097017,2.73838432089722,-0.008955378744977848,0.007561073487205704,0.013593775475526112,-0.05812312111711097,0.018348570003266475,1114.7498445177152,1143.6169540252433,1165.6609101070974,1140.4337930659024
1410000000,-4.444916352940821,-18.4900524391192,-1.9893264454272659,2.737891877403389,-0.005441167531743986,0.008570489180303169,0.015282379402322513,-0.05595618777146568,0.017143238077451113,1114.380155016075,1141.5579721111924,1165.2602204023776,1142.7991498952215
1420000000,-4.416392793109171,-18.49009637268587,-1.9892407231221887,2.7368335474311865,-0.004760105373173503,0.005665066633623857,0.01695455179312447,-0.05399665609571561,0.01578013826647069,1116.2447903933726,1136.8403048268515,1165.1935646334848,1144.981355415767
1430000000,-4.3907518307722135,-18.49012429908065,-1.98918765764484,2.733991783950983,-0.0015945634002513098,0.00659639602817043,0.018294991190720904,-0.05277046962667335,0.014518378840681486,1117.719896915627,1134.734537640268,1164.8768342602311,1145.323535333778
1440000000,-4.362275523861597,-18.49012084889857,-1.9890981893882944,2.735739653067074,0.0006912445493082698,0.009718037661557221,0.019633792282441005,-0.05184134635435709,0.013017480316233973,1120.6434027186535,1137.3887523334754,1162.6057494294673,1141.4785611865732
1450000000,-4.3338092876167575,-18.49011859050665,-1.9889964592296834,2.730683564225981,0.003367573320315222,0.008459051614729509,0.020702270984979277,-0.051222333507388834,0.011456715561929233,1120.4908828025975,1138.6599859253874,1163.2372622628648,1139.7579445679805
1460000000,-4.308221070867848,-18.490071257492698,-1.9889155527731452,2.729017615629241,0.007209467720474178,0.01102147174684497,0.021359517942656413,-0.051013213651545944,0.01003919839063886,1117.703424282744,1137.7667216142163,1164.496969472266,1142.5578204575768
1470000000,-4.279794484047656,-18.48997404335373,-1.988833851764631,2.7283956396927196,0.010994429161798016,0.006165186736411547,0.021742072640052765,-0.051165755535150056,0.008510642495811432,1117.201868062659,1140.5401466830242,1161.8298742909406,1143.6330401986947
1480000000,-4.254210506774182,-18.48987199682614,-1.9887860436783604,2.730581186459348,0.011150587348872839,0.004244163934438531,0.021804724167852032,-0.051546205372932995,0.007271959715692708,1117.5126805159057,1145.6922790455822,1156.3762542606578,1144.0086409209714
1490000000,-4.2257725479589565,-18.4897165425296,-1.9887485645256378,2.7288231873945406,0.016534801406048835,0.0026363469716250264,0.0217167607289859,-0.05220195985250306,0.006085984720798676,1117.3329380447865,1150.1301915103777,1151.2570432589132,1144.3071643892931
1500000000,-4.197364927984961,-18.489524456201455,-1.9887158986802989,2.7243208959695764,0.01897350005701824,0.00379841361403236,0.0212630467275839,-0.05312615680629408,0.004973570766859393,1117.313531925169,1150.6908711643698,1152.9158647251145,1141.099587802445
1510000000,-4.171811877265407,-18.48934291173996,-1.988694371643197,2.7280415910673605,0.019995756388020706,-0.0009091962599980057,0.020467301745599333,-0.05417834319875318,0.003982710567767839,1118.472332949684,1147.4632742111867,1156.361082468756,1139.0924642814514
1520000000,-4.14340326756638,-18.489136588279433,-1.9886894371050847,2.7267623012271605,0.019257193258527254,0.0010584617732131503,0.01929653367796117,-0.05551018026243217,0.002889936655948505,1120.5492424603692,1144.21765604906,1157.017294977571,1138.9616767916677
1530000000,-4.117853874857017,-18.488943346032368,-1.9887018370851828,2.725072333446676,0.02196512877538461,-0.0017166690938324799,0.017971013576313907,-0.05685671451933812,0.002004066593112108,1122.5688781468555,1143.1530652357606,1154.8058159881602,1139.467129733166
1540000000,-4.089475216741529,-18.48869076251561,-1.9887287466207484,2.7231335383544075,0.02404899485819405,-0.003535330113194315,0.0162537486777459,-0.058428752866657586,0.0011222781980130124,1125.7916521816355,1143.7603282446844,1148.4843352153969,1141.3811286227444
1550000000,-4.061108928964351,-18.488429972780988,-1.988776956939914,2.722315107884894,0.027950443657107586,-0.005375688014348247,0.014339533823329352,-0.06015011096162036,0.0003739767697387581,1128.1199343323308,1142.6950218361126,1144.8223442208607,1142.976453801307
1560000000,-4.035601351127686,-18.488140343451427,-1.9888311449683453,2.718467379758268,0.0328507398403514,-0.007947969079254122,0.01245707588696822,-0.06185526631048792,-0.00015711350822938323,1129.0327975316964,1141.7340174352669,1143.1833436144918,1143.7634085186396
1570000000,-4.007295844871494,-18.487793546115878,-1.9889248093449594,2.717300451170651,0.034227830548427644,-0.007961210686041558,0.010182142071184033,-0.06393559446521845,-0.0006065842464692961,1129.2735880263224,1142.1627294917434,1142.6722957593254,1142.426967667965
1580000000,-3.9818391756569964,-18.48750258011864,-1.9890119749292026,2.715343497783349,0.03284915337533929,-0.011512152511085918,0.008067700924283362,-0.06595209315065635,-0.0009844723514689803,1131.2114957862505,1140.9220821734762,1142.0062930946901,1141.4014505239727
1590000000,-3.953568007926023,-18.487176546037116,-1.9891294681321028,2.711734245166578,0.032097983278233246,-0.011482447882384667,0.005707215938749617,-0.06820270557283173,-0.001379804993718983,1133.6089392653557,1139.9124269845001,1140.8107089025027,1140.0867437529594
1600000000,-3.925332528396579,-18.48684120262381,-1.989236877045675,2.7082207987154896,0.032811488948390664,-0.008414489240926705,0.003279251271383077,-0.07047097354148602,-0.0016768771980410467,1133.9900920220707,1139.3207523764047,1140.2989872572182,1139.6174199624745
1610000000,-3.8999143577390147,-18.486539472496514,-1.9893090739994848,2.7118950152714847,0.030750829734630367,-0.006629656737141967,0.0009563175292219856,-0.07249775400171732,-0.0017767497695982783,1132.879063539371,1139.7006679654037,1138.312102560625,1141.8468487045805
1620000000,-3.8716559615166144,-18.486222168975452,-1.9894034727463263,2.71212135364786,0.03038109406705141,-0.011639566051799126,-0.0016607530926245945,-0.07479919276455192,-0.0017485149617999486,1133.0726629625938,1140.1835389765617,1135.440940286476,1144.3314543524434
1630000000,-3.8462282476278804,-18.48593690795818,-1.9895120203172418,2.711088800925712,0.03087237840571456,-0.011104997476633039,-0.003954111495708955,-0.0769454055782522,-0.0016540549104016493,1135.7855645447244,1140.9024441275587,1134.3803659830392,1141.9725406078496
1640000000,-3.8179633382942564,-18.485630110795235,-1.9896377814733976,2.7128346198940183,0.027411298172762156,-0.012141817273465009,-0.00653628636274706,-0.07926119924272242,-0.001582411200679501,1138.7510058961966,1140.2599027572137,1134.9915500603643,1138.317889443956
1650000000,-3.7897034776744656,-18.485343241604923,-1.989744059842754,2.7134029983562975,0.026972457270232102,-0.009595625769211392,-0.009083217649716188,-0.08151577614878826,-0.0015155418378808886,1141.8308733450417,1138.116145907558,1132.8022841110449,1138.8031751625567
1660000000,-3.764258158510617,-18.48512029232502,-1.9898599202943597,2.71530062637696,0.02101390186785559,-0.01496757652065439,-0.01129727777280189,-0.08349737165552673,-0.001340295022633634,1143.3991205220875,1136.9622156519188,1130.6246191308721,1140.1435516941126
1670000000,-3.735952683734853,-18.484901106724543,-1.9900162985063004,2.718572632440881,0.020308018529007512,-0.016015079128092656,-0.013584244336608558,-0.08575864709263188,-0.0010211050359957528,1141.7347681417489,1135.4651989721426,1130.7427956689646,1142.608522248324
1680000000,-3.71047787006334,-18.48474578168035,-1.9901662706287004,2.7158478418568097,0.013655393297124799,-0.015054367752357151,-0.015516299923133954,-0.08778568426284665,-0.0006539303532489061,1140.7606507701746,1136.4783181088305,1130.314251521819,1141.814641771226
1690000000,-3.6821635883990793,-18.48460377038995,-1.9903191639792928,2.7192178484064806,0.01181204886181283,-0.013922930819724212,-0.017707151993019452,-0.09002062735984744,-0.00029115474576142127,1141.4496549105559,1139.6239156593879,1130.0430874154165,1137.0601762360413
1700000000,-3.653837632917509,-18.484493307703303,-1.9904718654574232,2.7172217376431727,0.008985399646701238,-0.01244865045577064,-0.019924792937917497,-0.09215261186004445,1.5484261976433022e-05,1143.9467234846993,1139.7297979331263,1128.0612948953694,1135.8141952177757
1710000000,-3.6283426706264144,-18.48440595775056,-1.9906010348980108,2.7211790839408803,0.009901487019837882,-0.015143872660741336,-0.02174311898526808,-0.09390921942782783,0.00026220322587142266,1148.1275742024986,1135.7158997228705,1124.6811570165685,1138.816984621791
1720000000,-3.599962175049378,-18.48430561432879,-1.9907262654013538,2.726057818587285,0.010765735859020832,-0.010985344147583984,-0.023398651733074646,-0.09580028797240334,0.000642446524053229,1150.073972465367,1133.6681010766767,1120.386473530165,1142.9045711868434
1730000000,-3.5744201928756283,-18.484200994386953,-1.9908483369970418,2.72606231646785,0.009451266208154153,-0.012928009923873832,-0.024609494399024837,-0.09740141195547998,0.0010321426100494064,1149.4133450814372,1136.3055561171977,1119.8456411225097,1141.2570892993683
1740000000,-3.546003388394865,-18.48410208472553,-1.9909624778972732,2.729387789922085,0.0067797246227951635,-0.009117556677518695,-0.025730618268123395,-0.09897908809513127,0.0013897417030510383,1148.8086086202482,1139.3066468229547,1122.850918395984,1135.9435313999304
1750000000,-3.5175537333353306,-18.48405296905335,-1.9910532229529272,2.7357907223221267,0.0020259676828861717,-0.00712070716808271,-0.02659576757979707,-0.1003241139195085,0.00175432641796377,1148.1542252180973,1139.7041789652428,1124.6036049680406,1134.659360869211
1760000000,-3.491886146786819,-18.484056234718242,-1.9911324475853447,2.740792389383624,-0.0017191559747798061,-0.008971917008138002,-0.027177811081683982,-0.10131333104180436,0.0021379726419810405,1145.8074325033392,1139.113510559866,1127.121838274486,1135.6910437147062
1770000000,-3.463311425267446,-18.48409651576173,-1.9912381403868262,2.7457474090124196,-0.003528769046696343,-0.01181735130265641,-0.027695009870245507,-0.10219427575573131,0.0025275378763638884,1143.5396495736381,1139.5542242674724,1130.7735532367126,1134.3297337028039
1780000000,-3.4375553094058735,-18.4841612210921,-1.9913547478518898,2.7473013425213515,-0.00945854474166946,-0.01257412666200306,-0.028102558109126215,-0.10283564837804851,0.002809656664520759,1144.2068677675213,1140.1991009552523,1130.0699301201432,1133.353310055884
1790000000,-3.408945438709927,-18.48427160339404,-1.9914897601247166,2.7467130276026834,-0.01419445119045675,-0.014303484804662554,-0.02856067688835159,-0.1033688846651666,0.0030977830805224817,1146.431339611172,1139.7561762838345,1126.3838329098382,1134.2098544150408
1800000000,-3.380312126489103,-18.484402525454595,-1.9916287260903505,2.7505109662689473,-0.013107593214659912,-0.014014853907932804,-0.02882206966878582,-0.10366835675916485,0.003441160513276031,1148.0288808715513,1139.929894782396,1122.7276016176172,1134.9126362443417
1810000000,-3.3544887100456338,-18.484539066725837,-1.991744017574322,2.7574626966412388,-0.016678637783867196,-0.011038680279354424,-0.028965515507981036,-0.10382118776693282,0.003769528600343276,1149.2700662728846,1141.1335215285687,1120.6183702446278,1133.5907552244116
1820000000,-3.325760114829035,-18.484714634628958,-1.991837699675979,2.7576725312807415,-0.01840544742016207,-0.006533901939239325,-0.02900945553437722,-0.10372167954512346,0.004046028148534701,1151.012704664048,1140.431620934015,1119.133091594243,1133.4797406951814
1830000000,-3.299892581974309,-18.48488414471273,-1.9919126514345955,2.7617543929390456,-0.019141875932188912,-0.008878428260177885,-0.02883672608803608,-0.10334844846782644,0.004248844432402305,1151.3062003752723,1138.9448033914678,1118.8264936901317,1135.3474480937743
1840000000,-3.271093570247095,-18.485112138350576,-1.9920280808460469,2.7664904499540035,-0.023983220001013935,-0.01226107246490945,-0.028371483261971222,-0.10273420792015807,0.0045060253288186965,1150.65805760634,1136.5788992886191,1120.414106988976,1137.501884824114
1850000000,-3.2422604559800794,-18.485353856805094,-1.9921571042069128,2.768889743222618,-0.02344294053098968,-0.013473366149582264,-0.0276231814766591,-0.10193049695492816,0.004694135143750646,1150.3923457420472,1133.8650033486192,1121.7518611576172,1138.8911225994373
1860000000,-3.2162983158431686,-18.48557202054413,-1.992270882409849,2.769270214972378,-0.021811580918743273,-0.010888735922287507,-0.02683189764540233,-0.10105827002616699,0.0047973139456194865,1148.3361639512298,1133.5268432474513,1123.9225113925675,1138.2263127196807
1870000000,-3.1874309605839457,-18.485824070769787,-1.992386474516572,2.7721253913027875,-0.024487155547459533,-0.011491769277655163,-0.025718000437414627,-0.09996931084925684,0.004963157853414873,1145.097530069623,1134.6478977604984,1125.0519007515998,1138.4659621084948
1880000000,-3.161446418456993,-18.486060817734458,-1.9924970403765885,2.773073962584006,-0.02719632989085876,-0.01243792997291575,-0.024492929554689978,-0.09889588405671311,0.005125270981545084,1144.0763645318286,1134.4630105448061,1125.3022326337364,1139.1815746078157
1890000000,-3.132531105738456,-18.486342999714815,-1.9926104589804428,2.776744122271135,-0.026371640672422796,-0.011296997120203003,-0.022885885266602124,-0.09765694791409944,0.0053480832579004085,1143.5751598047834,1135.4868030905704,1125.8762420197456,1137.722928717943
1900000000,-3.1035764644365758,-18.486652662552697,-1.9927369190092994,2.780876109605097,-0.03172988530683482,-0.01276904855044821,-0.0211922006757545,-0.09630248312582002,0.005525535306766111,1142.2760684675172,1137.5589874801594,1128.287847242338,1134.1609025296034
1910000000,-3.077493171384159,-18.486975736587873,-1.9928423572320344,2.7837885277947794,-0.035647968141934855,-0.01071306332126893,-0.01961888236184782,-0.09489186858184132,0.005642949473482397,1141.4700086679625,1136.9902341346938,1130.6942091207748,1132.7854527307725
1920000000,-3.0484790995619675,-18.487346043201075,-1.9929600594573902,2.787683694154231,-0.0354977456952768,-0.011212360952247674,-0.017725373627207136,-0.0932455139882752,0.005815663593847989,1140.8663599479157,1136.4589136345314,1130.8895403172403,1133.3605553982525
1930000000,-3.0223609347252767,-18.487694287366054,-1.9930600119717012,2.784756037849717,-0.038623312852440896,-0.01047828673448502,-0.015990870834407988,-0.0917102507808816,0.005979553640509099,1140.9540231589224,1138.5830522073677,1129.4438330080961,1132.451776320495
1940000000,-2.9933646104819185,-18.488119221796406,-1.9932125749208187,2.783536918300911,-0.042300345091884836,-0.015927537457095547,-0.01406572369821916,-0.0898615036195977,0.006078995760850574,1141.5797771226678,1138.007711397867,1129.6065411100444,1132.140836457792
1950000000,-2.9643594130199626,-18.488543269506597,-1.9933948776367798,2.784443309878554,-0.04107659388205264,-0.019129254153913373,-0.01206125669730844,-0.08778008716217699,0.006147392147879136,1141.1402224515946,1136.839038226133,1129.6403513664295,1133.129297370268
1960000000,-2.9382554580548526,-18.4889244944703,-1.9935652757884887,2.7845706109793436,-0.04308914123649827,-0.019420268486787726,-0.010202048860429623,-0.08574644664675991,0.0061814827456308855,1140.768297453245,1136.097683628901,1128.6753687173095,1133.80700606151
1970000000,-2.9092616176193076,-18.489348969681,-1.993771453115912,2.7824942030351885,-0.039738412844447214,-0.020447877990394697,-0.008035621577792633,-0.08337632643015357,0.006142299885077623,1138.3710734447093,1135.3815684454482,1130.119997609689,1133.6797392011053
1980000000,-2.8832007709833025,-18.489738561125783,-1.9939719013783985,2.779656189027087,-0.04387268251643554,-0.022184552250917346,-0.006024788798777251,-0.08123366283088333,0.006219852140369493,1133.7015702319993,1134.4745761242286,1132.885682699871,1135.1712058264513
1990000000,-2.8542394534117324,-18.490191853053553,-1.9942135670401127,2.782406978457409,-0.045019593988864216,-0.023309073300744675,-0.003786629241537717,-0.07884614747326128,0.006299968161497083,1130.0538994015205,1131.3898722161189,1137.5204280602973,1135.929652864644
2000000000,-2.8252476720753594,-18.490653997310247,-1.9944353505287977,2.784951366096814,-0.04535405748155991,-0.017934679090395568,-0.0016274224272188437,-0.076526609772498,0.006329032065347465,1127.7169961831278,1131.0105636122094,1140.8148563279908,1134.021464488359
